George Lopez,NICK,421246,420364,0.0020937884
PAW Patrol,NICK,597992,603784,-0.0096857483
PAW Patrol,NICK,578402,589601,-0.0193619662
The Furchester Hotel,UNIKIDS,44525,42588,0.0435036496
PAW Patrol,NICK,410358,412329,-0.0048031231
Lily's Driftwood Bay,UNIKIDS,26916,26501,0.0154183385
Sarah & Duck,UNIKIDS,26320,26205,0.0043693009
Bubble Guppies,NICK,422557,413347,0.0217958761
Trisha's Southern Kitchen,FOOD,204780,200888,0.0190057623
Noddy Toyland Detective,UNIKIDS,26194,26147,0.001794304
Caillou,UNIKIDS,37185,38901,-0.0461476402
Love & Hip Hop Hollywood,VH1,119881,117706,0.0181429918
The Wiggles,UNIKIDS,32183,31035,0.0356710064
Noddy Toyland Detective,UNIKIDS,23412,23700,-0.0123013839
Space Racers,UNIKIDS,23384,23801,-0.0178327061
SpongeBob SquarePants,NICK,798308,790365,0.0099497938
The Wiggles,UNIKIDS,31411,32103,-0.0220304989
Topsy and Tim,UNIKIDS,33017,33265,-0.0075112821
Love & Hip Hop Hollywood,VH1,158224,136817,0.1352955304
Love & Hip Hop Hollywood,VH1,158224,177635,-0.1226805036
Henry Danger,NICK,900796,900696,0.0001110129
Henry Danger,NICK,893926,880225,0.015326772
I Am Frankie,NICK,848693,850239,-0.0018216245
The Middle,ABC,3417697,3581514,-0.0479319846
The Big Bang Theory,TBS,1095963,1121547,-0.0233438538
Little Lunch,UNIKIDS,30980,30211,0.0248224661
Hank Zipzer,UNIKIDS,26152,26742,-0.022560416
The Thundermans,NICK,756141,726488,0.0392162308
Ridiculousness,MTV,316618,292350,0.076647569
Lethal Weapon,FOX,1683996,1528718,0.0922080575
DC's Legends of Tomorrow,CW,472889,487812,-0.0315570884
The Big Bang Theory,TBS,1338865,1349634,-0.00804338
Full House,NICK,696556,690822,0.0082319297
black-ish,ABC,2464353,2408242,0.0227690595
Love & Hip Hop Hollywood,VH1,333799,303524,0.0906982945
Full House,NICK,610419,612660,-0.0036712488
Full House,NICK,610419,583191,0.0446054268
Jimmy Kimmel Live!,ABC,1939494,2296639,-0.18414339
Friends,NICK,553083,523305,0.0538400204
Modern Family,USA,413397,383113,0.0732564581
Catfish: The TV Show,MTV,128944,136634,-0.0596382926
Friends,NICK,445708,411378,0.0770235221
Late Night with Seth Meyers,NBC,1717321,1644107,0.042632682
Last Call With Carson Daly,NBC,1242184,1238186,0.0032185248
George Lopez,NICK,369040,369997,-0.0025932148
Good Morning America,ABC,3738766,3671838,0.0179010936
Bubble Guppies,NICK,408252,406258,0.0048842382
Love & Hip Hop Hollywood,VH1,74906,69330,0.0744399648
Topsy and Tim,UNIKIDS,26072,24281,0.0686943848
Love & Hip Hop Hollywood,VH1,95275,89957,0.0558173708
Space Racers,UNIKIDS,21764,21885,-0.0055596398
SpongeBob SquarePants,NICK,676360,716929,-0.0599813709
Floogals,UNIKIDS,25598,25790,-0.007500586
SpongeBob SquarePants,NICK,787514,812438,-0.0316489612
Hip Hop Honors: The 90's Game Changers,VH1,142979,136976,0.0419851866
The Loud House,NICK,918826,909040,0.0106505475
Henry Danger,NICK,893484,879232,0.0159510411
Henry Danger,NICK,877780,872228,0.0063250473
Catfish: The TV Show,MTV,202281,202406,-0.0006179523
I Am Frankie,NICK,839712,800347,0.0468791681
Speechless,ABC,2398613,2464458,-0.0274512812
Speechless,ABC,2398613,2308828,0.0374320493
Supernatural,CW,452263,447995,0.0094369869
Teen Mom 2,MTV,515907,484509,0.0608598061
Full House,NICK,600216,601814,-0.0026623749
Lamar Hunt US Open Cup Soccer,ESPN2,203026,189143,0.0683804045
Drumline,VH1,269605,267853,0.0064983958
Full House,NICK,578917,580322,-0.0024269455
Nowhere Boys,UNIKIDS,15190,13977,0.0798551679
Catfish: The TV Show,MTV,235811,249016,-0.0559982359
Little Lunch,UNIKIDS,13125,13000,0.0095238095
Friends,NICK,550595,553212,-0.0047530399
The Tonight Show Starring Jimmy Fallon,NBC,2936844,3166715,-0.078271437
Friends,NICK,450380,470625,-0.0449509303
Late Night with Seth Meyers,NBC,1625123,1672279,-0.0290168806
Catfish: The TV Show,MTV,140124,133832,0.0449030858
Last Call With Carson Daly,NBC,1161980,1207760,-0.0393982685
The Goldbergs,NICK,270293,271533,-0.0045876142
George Lopez,NICK,279464,286951,-0.0267905705
George Lopez,NICK,380355,375938,0.0116128354
George Lopez,NICK,361501,363470,-0.0054467346
Good Morning America,ABC,3720660,4149071,-0.1151438186
Good Morning America,ABC,3720660,3883761,-0.0438365774
PAW Patrol,NICK,591084,597750,-0.0112775849
PAW Patrol,NICK,575235,574247,0.0017175589
Topsy and Tim,UNIKIDS,31868,31052,0.0256056232
Terrific Trucks,UNIKIDS,31617,32240,-0.0197045893
PAW Patrol,NICK,408493,409861,-0.0033488946
Fresh Prince of Bel-Air,VH1,77786,75084,0.0347363279
Sarah & Duck,UNIKIDS,26250,25921,0.0125333333
Noddy Toyland Detective,UNIKIDS,26789,28216,-0.0532681324
First Sunday,VH1,77849,75009,0.0364808797
SpongeBob SquarePants,NICK,517170,551544,-0.0664655722
The Wiggles,UNIKIDS,31470,31843,-0.011852558
Super Wings,UNIKIDS,37124,40031,-0.0783051395
Caillou,UNIKIDS,54826,53032,0.0327217014
DreamWorks Dragons: Riders of Berk Sneak Peak,UNIKIDS,60116,58569,0.0257335817
Penn & Teller: Fool Us,CW,958169,907328,0.053060577
Seinfeld,TBS,586646,564052,0.0385138567
Nick Cannon Presents: Wild 'N Out,MTV,196865,190956,0.0300154929
Hank Zipzer,UNIKIDS,28903,30897,-0.0689893783
Penn & Teller: Fool Us,CW,958169,900738,0.0599382781
Hank Zipzer,UNIKIDS,28903,29097,-0.006712106
Yogi Bear,NICK,559300,534777,0.0438458788
Full House,NICK,481979,476698,0.0109569089
Scandal,ABC,2565968,2475827,0.0351294326
Full House,NICK,481979,478255,0.0077264777
Nowhere Boys,UNIKIDS,19127,19825,-0.0364929158
How to Get Away with Murder,ABC,2020913,2015946,0.0024578
Nick Cannon Presents: Wild 'N Out,MTV,214386,205888,0.0396387824
Full House,NICK,515052,505021,0.0194757034
Friends,NICK,507264,511546,-0.0084413639
Nick Cannon Presents: Wild 'N Out,MTV,191739,181429,0.0537710116
Friends,NICK,486910,494192,-0.0149555359
T.I. and Tiny: The Family Hustle,VH1,140064,132667,0.0528115719
Friends,NICK,444025,456501,-0.028097517
The Goldbergs,NICK,330667,355326,-0.0745735135
Hip Hop Squares,MTV,124300,115343,0.0720595334
PAW Patrol,NICK,443331,476274,-0.0743079099
PAW Patrol,NICK,443331,431136,0.0275076636
Fresh Prince of Bel-Air,VH1,76233,78130,-0.0248842365
Caillou,UNIKIDS,34757,36437,-0.0483355871
PAW Patrol,NICK,484993,484579,0.0008536206
Scary Movie 2,VH1,86662,87330,-0.0077081074
PAW Patrol,NICK,491043,489198,0.0037573084
Ranger Rob,UNIKIDS,20590,20394,0.0095191841
Not Another Teen Movie,VH1,82879,78901,0.0479976834
Topsy and Tim,UNIKIDS,29722,29612,0.0037009623
Modern Family,USA,306837,297103,0.0317236839
Seinfeld,TBS,398464,394100,0.0109520559
Modern Family,USA,347144,344379,0.0079649944
The Goonies,VH1,176150,176020,0.0007380074
Shark Tank,ABC,3527371,3483053,0.0125640314
Shark Tank,ABC,3527371,3400995,0.0358272492
Ridiculousness,MTV,270442,255594,0.0549027148
Modern Family,USA,478325,468911,0.0196811791
What Would You Do?,ABC,3018687,3051968,-0.011024992
Shrek Forever After,NICK,744416,729742,0.0197120965
Modern Family,USA,472373,452192,0.0427225942
Full House,NICK,629501,625286,0.0066957797
Friends,NICK,592780,582115,0.0179914977
Hank Zipzer,UNIKIDS,15431,15185,0.0159419351
Knocked Up,VH1,216083,207274,0.0407667424
Friends,NICK,497899,541222,-0.0870116228
The Goldbergs,NICK,371096,402565,-0.0848001595
Late Night with Seth Meyers,NBC,1571687,1268071,0.1931784128
The Goldbergs,NICK,299442,313741,-0.0477521523
Last Call With Carson Daly,NBC,1091774,1145808,-0.0494919278
George Lopez,NICK,289628,287964,0.0057453009
George Lopez,NICK,297971,295860,0.0070845821
Cheaters,VH1,199028,213089,-0.070648351
Cheaters,VH1,202360,208492,-0.0303024313
The Goonies,VH1,165837,164676,0.0070008502
The Goonies,VH1,165837,164507,0.0080199232
Ranger Rob,UNIKIDS,36663,36630,0.00090009
Ranger Rob,UNIKIDS,36663,36175,0.013310422
Nick Cannon Presents: Wild 'N Out,MTV,144499,139643,0.0336057689
Knocked Up,VH1,175089,178457,-0.0192359314
Little Big Shots,UNIKIDS,114704,116803,-0.0182992747
Little Big Shots,UNIKIDS,114704,115963,-0.0109760776
Little Big Shots,UNIKIDS,114704,111619,0.0268953132
Little Big Shots,UNIKIDS,114704,96060,0.1625401032
Teen Mom 2,MTV,157943,153674,0.0270287382
Bear Grylls Survival School,UNIKIDS,54962,56245,-0.0233434009
Bear Grylls Survival School,UNIKIDS,54962,54292,0.0121902405
The Big Bang Theory,TBS,913041,857397,0.060943594
The Devil Wears Prada,VH1,243103,243277,-0.000715746
Full House,NICK,609493,608360,0.0018589221
Nick Cannon Presents: Wild 'N Out,MTV,185815,180323,0.0295562791
Full House,NICK,609493,576942,0.0534066839
Friends,NICK,589688,582636,0.0119588664
Hank Zipzer,UNIKIDS,30585,27357,0.1055419323
The Notebook,VH1,248184,251451,-0.0131636205
Friends,NICK,521474,535355,-0.0266187768
The Goldbergs,NICK,308967,310343,-0.0044535501
George Lopez,NICK,261064,257077,0.0152721172
PAW Patrol,NICK,322336,326476,-0.0128437407
Dot,UNIKIDS,39471,39675,-0.0051683514
Dot,UNIKIDS,36856,36657,0.0053993922
The Notebook,VH1,195028,190715,0.0221147733
The Notebook,VH1,195028,207671,-0.064826589
Fear Factor,MTV,154721,157044,-0.0150141222
What's Love Got to Do With It?,VH1,195102,168467,0.136518334
Noddy Toyland Detective,UNIKIDS,36546,37463,-0.0250916653
What's Love Got to Do With It?,VH1,195102,188892,0.0318295046
Floogals,UNIKIDS,42698,43549,-0.0199306759
Floogals,UNIKIDS,42698,41927,0.0180570519
Nina's World,UNIKIDS,39623,39063,0.0141332055
Dot,UNIKIDS,38300,38549,-0.0065013055
The Land Before Time II: The Great Valley Adventure,UNIKIDS,57604,52826,0.0829456288
Catfish: The TV Show,MTV,166247,163090,0.0189898164
DreamWorks Dragons: Riders of Berk Sneak Peak,UNIKIDS,60661,60321,0.0056049191
DreamWorks Dragons: Riders of Berk Sneak Peak,UNIKIDS,60661,60024,0.0105009809
The Deep,UNIKIDS,50169,50962,-0.0158065738
Law & Order: Special Victims Unit,USA,602447,599448,0.0049780313
America's Funniest Home Videos,ABC,3488585,3656601,-0.0481616472
The Deep,UNIKIDS,50169,48609,0.0310948992
The Deep,UNIKIDS,50169,47966,0.0439115789
Law & Order: Special Victims Unit,USA,640390,610427,0.0467886757
Love & Hip Hop Hollywood,VH1,199087,196663,0.0121755815
Full House,NICK,623573,581202,0.0679487406
Steve Harvey's Funderdome,ABC,3111691,2914080,0.0635059844
Bear Grylls Survival School,UNIKIDS,27850,26994,0.0307360862
The Big Bang Theory,TBS,822215,860071,-0.0460414855
Nowhere Boys,UNIKIDS,21949,22626,-0.0308442298
Nowhere Boys,UNIKIDS,21949,22782,-0.0379516151
Law & Order: Special Victims Unit,USA,620925,607884,0.0210025365
Nowhere Boys,UNIKIDS,21949,21200,0.0341245615
Love & Hip Hop Hollywood,VH1,202294,196021,0.0310093231
Nowhere Boys,UNIKIDS,21949,20563,0.0631463848
Nowhere Boys,UNIKIDS,19300,19413,-0.0058549223
Nowhere Boys,UNIKIDS,19300,19241,0.0030569948
Nowhere Boys,UNIKIDS,19300,18707,0.0307253886
"The $100,000 Pyramid",ABC,2801958,3043354,-0.0861526119
Nowhere Boys,UNIKIDS,19300,18218,0.0560621762
Nowhere Boys,UNIKIDS,17449,17788,-0.0194280475
Friends,NICK,454625,473955,-0.0425185593
What's Love Got to Do With It?,VH1,132008,142164,-0.0769347312
Modern Family,USA,280745,266287,0.051498691
George Lopez,NICK,218438,237745,-0.088386636
George Lopez,NICK,250141,253130,-0.0119492606
Henry Danger,TEENNCK,34087,34500,-0.012116056
"Nicky, Ricky, Dicky, & Dawn",TEENNCK,86398,88987,-0.0299659714
Good Morning America,ABC,3642328,3828672,-0.0511606862
Victorious,TEENNCK,53264,53731,-0.0087676479
PAW Patrol,NICK,497684,498814,-0.002270517
Bubble Guppies,NICK,428073,415209,0.0300509493
Bizarre Foods with Andrew Zimmern,TRAVEL,191217,178273,0.0676927261
Henry Danger,NICK,851951,821906,0.0352661127
Bizarre Foods with Andrew Zimmern,TRAVEL,270648,257361,0.0490932872
Teen Mom 2,MTV,210926,185316,0.1214169898
Teen Mom 2,MTV,210926,199592,0.0537344851
I Am Frankie,NICK,843964,827826,0.0191216687
So You Think You Can Dance,FOX,1331951,1403239,-0.0535214884
Full House,NICK,661600,623408,0.0577267231
Teen Mom 2,MTV,299023,282247,0.0561027078
Young Sheldon,CBS,9024193,8504116,0.0576314137
Supergirl,CW,575640,517896,0.1003126954
So You Think You Can Dance,FOX,1331951,1120131,0.1590298742
Teen Mom 2,MTV,616160,601884,0.0231693067
Bizarre Foods with Andrew Zimmern,TRAVEL,321883,288360,0.1041465377
Full House,NICK,549123,526018,0.0420761833
The Voice,NBC,7356039,7010840,0.0469272933
Teen Mom 2,MTV,616160,590610,0.0414665022
Penn & Teller: Fool Us,CW,598059,587806,0.0171437935
Fresh Prince of Bel-Air,NICK,437630,436850,0.0017823275
Bizarre Foods: Delicious Destinations,TRAVEL,219959,214908,0.0229633704
Jimmy Kimmel Live!,ABC,2792035,2334194,0.1639811106
Bizarre Foods with Andrew Zimmern,TRAVEL,200805,198228,0.0128333458
Teen Mom 2,MTV,167376,161726,0.033756333
The Goldbergs,NICK,288870,268393,0.070886558
Bizarre Foods: Delicious Destinations,TRAVEL,98050,91942,0.0622947476
Henry Danger,TEENNCK,35676,33042,0.073831147
Good Morning America,ABC,3777604,3761112,0.0043657302
"Nicky, Ricky, Dicky, & Dawn",TEENNCK,104632,102950,0.016075388
"Nicky, Ricky, Dicky, & Dawn",TEENNCK,84929,85387,-0.0053927398
Sam & Cat,TEENNCK,39996,39267,0.0182268227
Sam & Cat,TEENNCK,43692,42163,0.0349949648
Bizarre Foods: Delicious Destinations,TRAVEL,233839,232943,0.0038316962
The Loud House,NICK,1114164,1096254,0.0160748328
The Dude Perfect Show,NICK,981763,980125,0.0016684271
The Dude Perfect Show,NICK,981763,871488,0.1123234426
Bizarre Foods with Andrew Zimmern,TRAVEL,271279,252967,0.0675024606
I Am Frankie,NICK,852020,833683,0.0215217953
The Flash,CW,526147,613978,-0.1669324352
Chopped Junior,FOOD,447174,417624,0.0660816595
Teen Mom 2,MTV,264828,260430,0.0166070053
Full House,NICK,601282,603097,-0.0030185504
DC's Legends of Tomorrow,CW,435344,426152,0.0211143372
Full House,NICK,563517,563956,-0.0007790359
Teen Mom 2,MTV,304264,295867,0.0275977441
Dancing With the Stars,ABC,5051648,4740948,0.0615046812
Bull,CBS,5485670,4967464,0.094465398
Dancing With the Stars,ABC,5051648,4302386,0.1483203105
Chopped After Hours,FOOD,386527,393634,-0.0183868139
Friends,NICK,459621,457291,0.0050693941
The Tonight Show Starring Jimmy Fallon,NBC,2717413,2852350,-0.0496564195
Friends,NICK,432709,426093,0.0152897213
Hey Arnold!,TEENNCK,59198,58672,0.0088854353
Late Night with Seth Meyers,NBC,1577343,1825450,-0.15729426
Are You the One?,MTV,134170,115671,0.1378773198
Hey Arnold!,TEENNCK,58030,55955,0.0357573669
The Goldbergs,NICK,308410,335892,-0.0891086541
Hey Arnold!,TEENNCK,55915,53212,0.0483412322
The Goldbergs,NICK,254436,251123,0.0130209562
Chopped After Hours,FOOD,163713,171555,-0.0479008997
Chopped Junior,FOOD,117200,124288,-0.0604778157
Good Morning America,ABC,3709458,3850954,-0.0381446562
Jersey Shore,MTV,86755,82413,0.0500489885
SpongeBob SquarePants,NICK,518149,510199,0.015343077
Game Shakers,TEENNCK,47501,45640,0.0391781226
The Dude Perfect Show,NICK,1014772,1018993,-0.0041595551
Bizarre Foods with Andrew Zimmern,TRAVEL,262194,246731,0.0589754152
The Dude Perfect Show,NICK,1014772,914309,0.0990005637
Worst Cooks in America,FOOD,378466,342658,0.0946135188
Supernatural,CW,428186,408613,0.0457114432
American Housewife,ABC,3973635,3923767,0.0125497183
Full House,NICK,613044,561301,0.0844034033
Fresh Prince of Bel-Air,NICK,511101,503080,0.0156935713
Criminal Minds,CBS,4669342,4324441,0.0738650114
Halloween Baking Championship,FOOD,429511,428590,0.002144299
Caribbean Pirate Treasure,TRAVEL,240689,240056,0.0026299499
Rocko's Modern Life,TEENNCK,61003,56074,0.080799305
Catfish: The TV Show,MTV,143720,139142,0.0318536042
Rocko's Modern Life,TEENNCK,51857,50685,0.0226006132
Late Night with Seth Meyers,NBC,1504529,1226256,0.1849568868
Rocko's Modern Life,TEENNCK,46128,44498,0.0353364551
Rocko's Modern Life,TEENNCK,41558,41234,0.0077963328
The Goldbergs,NICK,260365,249010,0.0436118526
Halloween Baking Championship,FOOD,156994,161785,-0.0305170898
Caribbean Pirate Treasure,TRAVEL,93120,93952,-0.0089347079
Worst Cooks in America,FOOD,115716,123022,-0.0631373362
School of Rock,TEENNCK,65762,64550,0.0184300964
Henry Danger,TEENNCK,123368,116874,0.0526392582
"Nicky, Ricky, Dicky, & Dawn",TEENNCK,108790,115276,-0.0596194503
Today (1),NBC,3829509,3740100,0.0233473795
Fixer Upper,HGTV,353583,351732,0.0052349802
"Nicky, Ricky, Dicky, & Dawn",TEENNCK,61601,58287,0.053797828
SpongeBob SquarePants,NICK,742269,740257,0.0027106076
Grey's Anatomy,LIFE,187004,183217,0.0202509037
American Beauty Star,LIFE,124626,125004,-0.003033075
Mysteries at the Museum,TRAVEL,157485,152962,0.0287201956
The Dude Perfect Show,NICK,937365,833248,0.111074128
Shrek Forever After,NICK,659300,685244,-0.0393508266
Chopped,FOOD,486627,469937,0.034297316
Shrek Forever After,NICK,659300,613724,0.0691278629
Grey's Anatomy,ABC,4372011,4041909,0.0755034697
Friends,NICK,507237,498938,0.0163611882
The Tonight Show Starring Jimmy Fallon,NBC,2766169,2200372,0.2045417326
Late Night with Seth Meyers,NBC,1633945,1801354,-0.102456937
Last Call With Carson Daly,NBC,1147277,1207899,-0.0528398983
Chopped,FOOD,140038,143940,-0.0278638655
School of Rock,TEENNCK,52284,46635,0.1080445261
Flea Market Flip,HGTV,264874,265692,-0.0030882608
Ghost Adventures,TRAVEL,83546,81757,0.0214133531
"Diners, Drive-Ins and Dives",FOOD,321520,313594,0.0246516546
"Diners, Drive-Ins and Dives",FOOD,343123,333339,0.028514556
Grey's Anatomy,LIFE,171091,164568,0.0381259096
ATL,BET,140877,149368,-0.0602724362
Expedition Unknown,TRAVEL,190486,172165,0.0961802967
Life,BET,234387,193386,0.1749286437
Masters of Illusion,CW,691498,678764,0.018415093
Taken,LIFE,408078,372612,0.0869098555
The Stepfather,LIFE,323227,340518,-0.0534949122
House Hunters International,HGTV,861310,836393,0.0289291893
The Stepfather,LIFE,323227,305308,0.0554378192
Friends,NICK,565723,558481,0.012801318
Bad Boys,BET,263238,264881,-0.0062415001
Jimmy Kimmel Live!,ABC,2095660,1949726,0.069636296
Rugrats,TEENNCK,81609,79893,0.0210270926
Taken,LIFE,276736,269199,0.0272353434
Friends,NICK,488880,452530,0.0743536246
Rugrats,TEENNCK,75635,75123,0.0067693528
Rugrats,TEENNCK,74106,73868,0.0032116158
Late Night with Seth Meyers,NBC,1754482,1427767,0.1862173565
Rugrats,TEENNCK,74106,70936,0.0427765633
House Hunters International,HGTV,434805,424605,0.0234587919
Rugrats,TEENNCK,68245,67487,0.0111070408
Martin,BET,167683,163524,0.0248027528
The Stepfather,LIFE,167007,198773,-0.1902075961
The Stepfather,LIFE,167007,160822,0.0370343758
George Lopez,NICK,306229,306184,0.0001469489
George Lopez,NICK,306229,306660,-0.0014074434
Property Brothers : Buying & Selling,HGTV,168467,209329,-0.2425519538
Good Morning America Weekend,ABC,3861476,4055162,-0.0501585404
Property Brothers : Buying & Selling,HGTV,331626,407195,-0.2278741715
Mysteries at the Museum,TRAVEL,183314,181549,0.0096282881
The Murder of Laci Peterson,LIFE,304045,324270,-0.0665197586
The Murder of Laci Peterson,LIFE,304045,282389,0.0712262987
Blue Streak,BET,244429,265545,-0.0863890946
The Murder of Laci Peterson,LIFE,274122,259217,0.0543736001
Friends,NICK,512134,513300,-0.0022767479
Kenan & Kel,TEENNCK,64647,63135,0.0233885563
Friends,NICK,481858,487404,-0.0115096149
Martin,BET,204203,200865,0.0163464787
The Murder of Laci Peterson,LIFE,170489,199084,-0.1677234308
Kenan & Kel,TEENNCK,56140,53588,0.0454577841
The Murder of Laci Peterson,LIFE,170489,143711,0.1570658518
The Murder of Laci Peterson,LIFE,121803,113750,0.0661149561
Victorious,TEENNCK,99965,90602,0.093662782
Southern at Heart,FOOD,282141,278237,0.0138370531
Victorious,TEENNCK,130268,130520,-0.0019344735
Valerie's Home Cooking,FOOD,381738,369816,0.0312308442
Victorious,TEENNCK,133905,128786,0.0382285949
Sam & Cat,TEENNCK,134335,129344,0.0371533852
Ridiculousness,MTV,194272,191449,0.0145311728
Henry Danger,TEENNCK,153294,149376,0.0255587303
Flip or Flop Atlanta,HGTV,627507,623949,0.0056700563
Lethal Seduction,LIFE,237488,233264,0.0177861618
Seduced,LIFE,336220,340824,-0.013693415
Are You the One?,MTV,109005,102978,0.0552910417
Infidelity in Suburbia,LIFE,443182,417777,0.057324079
Catfish: The TV Show,MTV,168326,166353,0.0117213027
Fresh Prince of Bel-Air,NICK,471881,498458,-0.0563214031
Catfish: The TV Show,MTV,206293,194694,0.0562258535
Deadly Lessons,LIFE,344036,338556,0.0159285656
Martin,BET,256705,246978,0.0378917434
The Goldbergs,NICK,299986,280652,0.0644496743
Deadly Lessons,LIFE,102735,100198,0.0246946026
George Lopez,NICK,271331,274721,-0.0124939649
iCarly,TEENNCK,67424,58058,0.1389119601
Henry Danger,TEENNCK,98979,89635,0.0944038634
Henry Danger,TEENNCK,118118,117340,0.0065866337
"Nicky, Ricky, Dicky, & Dawn",TEENNCK,110636,113756,-0.0282005857
School of Rock,TEENNCK,53864,50524,0.0620080202
Hotel Impossible,TRAVEL,46253,45225,0.0222255854
Bizarre Foods with Andrew Zimmern,TRAVEL,116357,115772,0.0050276305
Bizarre Foods with Andrew Zimmern,TRAVEL,169452,155660,0.0813917806
Nick Cannon Presents: Wild 'N Out,MTV,117872,116359,0.0128359576
Teen Mom 2,MTV,255043,268520,-0.0528420698
Supergirl,CW,602555,538577,0.1061778593
The Dude Perfect Show,TEENNCK,139237,136861,0.0170644297
DC's Legends of Tomorrow,CW,401760,380058,0.0540173238
"Me, Myself & I",CBS,3899211,3890956,0.002117095
Crashletes,TEENNCK,103736,93061,0.1029054523
Scorpion,CBS,3491689,3706210,-0.0614376023
The Good Doctor,ABC,6313029,6285535,0.0043551202
Honey,BET,224325,223799,0.0023448122
Rocko's Modern Life,TEENNCK,64401,64860,-0.0071272185
Late Night with Seth Meyers,NBC,1767654,1858316,-0.0512894492
How I Met Your Mother,WGN,78517,82816,-0.054752474
The Challenge,MTV,94424,101475,-0.0746738117
Hey Arnold!,TEENNCK,58629,55930,0.0460352385
How I Met Your Mother,WGN,69254,74384,-0.0740751437
Hey Arnold!,TEENNCK,53688,53599,0.0016577261
The Goldbergs,NICK,242898,239600,0.0135777157
George Lopez,NICK,279506,279815,-0.0011055219
iCarly,TEENNCK,45882,45918,-0.0007846214
George Lopez,NICK,290972,291965,-0.0034126995
iCarly,TEENNCK,73498,64969,0.116043974
"Nicky, Ricky, Dicky, & Dawn",TEENNCK,112083,102996,0.0810738471
Victorious,TEENNCK,62764,61514,0.0199158753
Team Umizoomi,NICK,435865,426843,0.0206990697
Bella and the Bulldogs,TEENNCK,38833,40800,-0.0506527953
Teen Mom 2,MTV,111373,111513,-0.0012570372
TRL,MTV,106213,104068,0.020195268
Grey's Anatomy,LIFE,186521,180020,0.0348539843
Bizarre Foods: Delicious Destinations,TRAVEL,201549,201151,0.0019747059
The Loud House,NICK,1104472,1067934,0.0330818708
Henry Danger,NICK,950661,933507,0.0180442871
A Thin Line Between Love and Hate,BET,236996,214196,0.0962041553
Lethal Weapon,FOX,2254964,2282998,-0.0124321275
The Mick,FOX,1555877,1570139,-0.0091665344
Teen Mom 2,MTV,232975,236481,-0.015048825
The Dude Perfect Show,TEENNCK,145569,126762,0.1291964635
Crashletes,TEENNCK,105393,98557,0.0648619927
Fresh Prince of Bel-Air,NICK,453666,474696,-0.046355689
Full House,TEENNCK,105362,105653,-0.0027619066
Kevin (Probably) Saves the World,ABC,2871022,2941583,-0.0245769625
Full House,TEENNCK,105362,105531,-0.0016039938
Full House,TEENNCK,105626,105488,0.0013064965
Chopped,FOOD,398710,413763,-0.0377542575
Dance Moms,LIFE,193478,183969,0.0491477067
Rocko's Modern Life,TEENNCK,79102,69714,0.1186822078
90's House,MTV,185071,155908,0.1575773622
Rocko's Modern Life,TEENNCK,63917,62248,0.026111989
Rugrats,TEENNCK,62344,63325,-0.0157352752
Martin,BET,207447,205274,0.0104749647
Late Night with Seth Meyers,NBC,1566141,1575279,-0.0058347237
Hey Arnold!,TEENNCK,56595,54973,0.0286597756
Chopped,FOOD,163207,179340,-0.0988499268
Dance Moms,LIFE,66480,65271,0.0181859206
George Lopez,NICK,300106,302633,-0.0084203581
Good Morning America,ABC,3833810,4244741,-0.107186063
Victorious,TEENNCK,75256,74634,0.0082651217
Victorious,TEENNCK,65474,67079,-0.0245135474
School of Rock,TEENNCK,58050,55342,0.0466494401
Bella and the Bulldogs,TEENNCK,47101,45417,0.0357529564
Takers,BET,155536,175557,-0.1287226108
Teen Mom 2,MTV,158805,153995,0.0302887189
Expedition Unknown,TRAVEL,248821,262510,-0.0550154529
Teen Mom 2,MTV,158805,166792,-0.0502943862
Empire,FOX,3298928,3263188,0.0108338224
Teen Mom 2,MTV,379175,393476,-0.0377160942
Full House,NICK,606743,606206,0.0008850535
Star,FOX,2444763,2364838,0.0326923305
Modern Family,ABC,4171894,4083659,0.0211498662
Crashletes,TEENNCK,112493,119102,-0.0587503222
Teen Mom 2,MTV,379175,352902,0.0692899057
Teen Mom 2,MTV,379175,339712,0.1040759544
Crashletes,TEENNCK,112493,101172,0.100637373
Designated Survivor,ABC,3368909,3668370,-0.0888896079
Full House,TEENNCK,114608,115681,-0.0093623482
Chicago P.D.,NBC,4089459,3816858,0.0666594285
Full House,TEENNCK,120254,124281,-0.0334874516
Criminal Minds,CBS,4219674,4062936,0.0371445756
Caribbean Pirate Treasure,TRAVEL,289614,297189,-0.0261555035
Rocko's Modern Life,TEENNCK,89781,78568,0.1248927947
Rocko's Modern Life,TEENNCK,71636,70293,0.0187475571
Catfish: The TV Show,MTV,204841,181030,0.1162413775
Rugrats,TEENNCK,60431,60813,-0.006321259
Hey Arnold!,TEENNCK,59219,59825,-0.0102332022
Hey Arnold!,TEENNCK,53645,56046,-0.0447572001
Caribbean Pirate Treasure,TRAVEL,112005,116873,-0.0434623454
George Lopez,NICK,293963,294428,-0.0015818317
Victorious,TEENNCK,77280,74566,0.0351190476
Team Umizoomi,NICK,519451,488095,0.0603637302
Team Umizoomi,NICK,449682,426536,0.0514719291
School of Rock,TEENNCK,56495,53883,0.04623418
Victorious,TEENNCK,51933,50701,0.0237228737
SpongeBob SquarePants,NICK,562494,553329,0.0162935071
SpongeBob SquarePants,NICK,746835,785601,-0.0519070477
Grey's Anatomy,LIFE,193742,185685,0.0415862332
Nutty Professor II: The Klumps,BET,123295,138145,-0.1204428403
Mysteries at the Museum,TRAVEL,185250,186708,-0.0078704453
Grey's Anatomy,ABC,4833168,5088265,-0.0527804951
Scandal,ABC,3693383,3857050,-0.0443135738
The Dude Perfect Show,TEENNCK,131971,116810,0.1148812997
Journey 2: The Mysterious Island,NICK,668535,609282,0.0886311113
Crashletes,TEENNCK,101958,98548,0.0334451441
Mysteries at the Museum,TRAVEL,294992,291924,0.010400282
Full House,TEENNCK,106440,106738,-0.0027996994
Fresh Prince of Bel-Air,NICK,437125,430421,0.0153365742
Rocko's Modern Life,TEENNCK,80263,81785,-0.0189626603
Rocko's Modern Life,TEENNCK,80263,72888,0.0918854267
Rocko's Modern Life,TEENNCK,66963,65462,0.0224153637
Rugrats,TEENNCK,74449,74460,-0.0001477522
Nick Cannon Presents: Wild 'N Out,MTV,164868,158706,0.0373753548
Friends,NICK,436003,445564,-0.0219287482
Rugrats,TEENNCK,67311,66566,0.0110680275
Hey Arnold!,TEENNCK,62938,62316,0.0098827417
Mysteries at the Museum,TRAVEL,146568,149211,-0.0180325856
Nick Cannon Presents: Wild 'N Out,MTV,120082,116554,0.0293799237
Hey Arnold!,TEENNCK,56431,55948,0.0085591253
George Lopez,NICK,260138,261315,-0.0045245216
Victorious,TEENNCK,82225,79786,0.0296625114
School of Rock,TEENNCK,58411,58729,-0.00544418
PAW Patrol,NICK,521476,520947,0.0010144283
Bella and the Bulldogs,TEENNCK,55104,54827,0.0050268583
PAW Patrol,NICK,558044,561222,-0.0056948914
PAW Patrol,NICK,558044,556108,0.0034692605
PAW Patrol,NICK,442590,443008,-0.0009444407
Nick Cannon Presents: Wild 'N Out,MTV,75865,74496,0.0180452119
PAW Patrol,NICK,404935,414304,-0.0231370467
Beachfront Bargain Hunt,HGTV,416619,433219,-0.0398445582
SpongeBob SquarePants,NICK,735765,784926,-0.0668161709
SpongeBob SquarePants,NICK,884728,926247,-0.0469285475
Ghost Adventures,TRAVEL,140649,138819,0.0130111128
SpongeBob SquarePants,NICK,977980,979643,-0.0017004438
The Loud House,NICK,1048147,1035926,0.0116596241
A Thin Line Between Love and Hate,BET,145096,151795,-0.0461694327
The Stepfather,LIFE,194691,176180,0.0950788686
Ghost Adventures,TRAVEL,148135,144433,0.0249907179
Beachfront Bargain Hunt,HGTV,518236,486257,0.0617074074
G.I. Jane,LIFE,298009,235910,0.2083796127
Masters of Illusion,CW,686595,627413,0.0861963749
Masters of Illusion,CW,615628,599225,0.0266443372
Hell's Kitchen,FOX,1788678,1692903,0.0535451322
Ridiculousness,MTV,244847,245000,-0.00062488
Masters of Illusion,CW,615628,589996,0.0416355331
Game Shakers,TEENNCK,118395,114077,0.0364711348
Game Shakers,TEENNCK,118395,116100,0.0193842645
G.I. Jane,LIFE,298009,302481,-0.0150062582
Full House,TEENNCK,135668,127833,0.0577512752
Friends,NICK,492248,505292,-0.026498838
Rocko's Modern Life,TEENNCK,98701,85756,0.1311536864
Little Women: Dallas,LIFE,207921,201008,0.0332482048
Friends,NICK,485764,483463,0.0047368681
G.I. Jane,LIFE,169931,176422,-0.0381978568
Rugrats,TEENNCK,85357,85841,-0.0056703024
Rugrats,TEENNCK,85357,83835,0.0178309922
Rugrats,TEENNCK,80573,78685,0.0234321671
The Goldbergs,NICK,289402,300351,-0.0378331871
Rugrats,TEENNCK,80573,75416,0.0640040708
G.I. Jane,LIFE,169931,152058,0.105177984
Little Women: Dallas,LIFE,99056,93485,0.0562409142
George Lopez,NICK,259541,263510,-0.0152923816
George Lopez,NICK,298283,295301,0.0099972174
Fixer Upper,HGTV,555025,589933,-0.0628944642
Fixer Upper,HGTV,740832,707657,0.044780733
SpongeBob SquarePants,NICK,750025,781248,-0.041629279
House Hunters,HGTV,711040,720083,-0.0127179905
Property Brothers,HGTV,653895,672640,-0.028666682
The Fast and the Furious: Tokyo Drift,MTV,150616,150561,0.000365167
Beachfront Bargain Hunt: Renovation,HGTV,666011,658762,0.0108842046
Four Brothers,MTV,197440,155575,0.2120391005
Four Brothers,MTV,197440,186183,0.0570147893
Four Brothers,MTV,197440,191512,0.0300243112
The Dude Perfect Show,TEENNCK,112537,110851,0.0149817393
Tyler Perry's Madea's Big Happy Family,BET,492845,481497,0.0230254948
Full House,NICK,680775,647539,0.0488208292
Crashletes,TEENNCK,94077,94537,-0.0048896117
Four Brothers,MTV,197440,203987,-0.0331594408
Full House,TEENNCK,104788,107974,-0.0304042448
Fresh Prince of Bel-Air,NICK,481787,484396,-0.0054152561
Full House,TEENNCK,115468,113097,0.0205338276
Halloween Baking Championship,FOOD,578382,558768,0.0339118437
The Departed,MTV,140235,145115,-0.0347987307
All That,TEENNCK,81546,76514,0.0617075025
The Departed,MTV,140235,123797,0.1172175277
Kenan & Kel,TEENNCK,77956,78041,-0.0010903587
The Departed,MTV,140235,113607,0.1898812707
Kenan & Kel,TEENNCK,72166,72786,-0.0085913034
Hey Arnold!,TEENNCK,69157,71666,-0.0362797692
The Goldbergs,NICK,379114,354551,0.0647905379
Hey Arnold!,TEENNCK,69157,67159,0.0288907847
Hey Arnold!,TEENNCK,68269,68217,0.0007616927
Halloween Baking Championship,FOOD,257910,278202,-0.0786786088
iCarly,TEENNCK,49666,49011,0.0131880965
iCarly,TEENNCK,60375,59882,0.0081656315
ALVINNN!!! and The Chipmunks,NICK,345125,368977,-0.0691111916
Flea Market Flip,HGTV,337181,307415,0.0882789956
Ridiculousness,MTV,220309,214945,0.0243476208
Ridiculousness,MTV,201569,202114,-0.0027037888
Catfish: The TV Show,MTV,153290,146654,0.0432904951
Halloween Crazier,TRAVEL,159472,165730,-0.0392419986
Catfish: The TV Show,MTV,173232,173734,-0.002897848
Catfish: The TV Show,MTV,176445,172762,0.02087336
The Blind Side,MTV,246814,181399,0.2650376397
The Blind Side,MTV,246814,251845,-0.0203837708
The Toy Box,ABC,1703257,1565057,0.0811386655
House Hunters,HGTV,757994,795523,-0.049510946
Hawaii Life,HGTV,917325,881059,0.0395345161
The Dude Perfect Show,TEENNCK,151016,147704,0.021931451
Crashletes,TEENNCK,116558,119083,-0.0216630347
Shark Tank,ABC,3435768,3343131,0.0269625306
Fresh Prince of Bel-Air,NICK,493083,519741,-0.0540639203
Full House,TEENNCK,132062,131403,0.0049900804
Mexico Life,HGTV,943684,928337,0.0162628592
Full House,TEENNCK,132062,136221,-0.0314927837
Fresh Prince of Bel-Air,NICK,449088,458632,-0.0212519595
Full House,TEENNCK,143415,136462,0.048481679
Martin,BET,363381,368440,-0.0139220267
All That,TEENNCK,101631,89250,0.1218230658
All That,TEENNCK,80306,78887,0.0176699126
Kenan & Kel,TEENNCK,72435,72529,-0.0012977152
Kenan & Kel,TEENNCK,72435,67192,0.0723821357
Kenan & Kel,TEENNCK,64587,64011,0.0089182034
Kenan & Kel,TEENNCK,64587,58530,0.0937804821
Hey Arnold!,TEENNCK,62203,62096,0.0017201743
The Goldbergs,NICK,316450,317650,-0.0037920683
Mexico Life,HGTV,463869,452817,0.0238256922
Hey Arnold!,TEENNCK,62203,58680,0.0566371397
The Goldbergs,NICK,250039,265525,-0.0619343382
Hawaii Life,HGTV,209049,205548,0.0167472698
Good Morning America,ABC,3675128,3856824,-0.0494393665
PAW Patrol,NICK,586020,619415,-0.0569861097
Guy's Grocery Games,FOOD,266668,253467,0.0495035025
SpongeBob SquarePants,NICK,818606,809140,0.0115635605
Bizarre Foods with Andrew Zimmern,TRAVEL,201292,185057,0.0806539753
Henry Danger,NICK,876196,863608,0.0143666486
Teen Mom 2,MTV,172812,179004,-0.0358308451
Supergirl,CW,963932,963895,3.83844503554193E-05
Escape from Mr. Lemoncello's Library,NICK,816650,701398,0.1411277781
The Voice,NBC,7192641,7295820,-0.0143450785
The Dude Perfect Show,TEENNCK,132500,127984,0.0340830189
Kevin Can Wait,CBS,4126129,3947568,0.0432756707
Crashletes,TEENNCK,100864,101302,-0.004342481
Pretty Woman,LIFE,416747,407958,0.0210895339
Full House,NICK,517136,487125,0.0580330899
Crashletes,TEENNCK,100864,91774,0.0901213515
Full House,TEENNCK,113891,115387,-0.0131353663
Fresh Prince of Bel-Air,NICK,396884,406618,-0.024526058
Full House,TEENNCK,115423,116589,-0.0101019727
Full House,TEENNCK,115423,107075,0.0723252731
Halloween Wars,FOOD,369360,382099,-0.034489387
Rocko's Modern Life,TEENNCK,81567,72488,0.1113072689
Teen Mom 2,MTV,238733,226257,0.0522592185
Rocko's Modern Life,TEENNCK,67490,66458,0.0152911542
Jimmy Kimmel Live!,ABC,2601655,3089904,-0.1876686186
Rugrats,TEENNCK,72269,71479,0.0109313814
Friends,NICK,425339,402820,0.052943652
Rugrats,TEENNCK,64463,63852,0.0094783054
Hey Arnold!,TEENNCK,62357,62478,-0.0019404397
The Goldbergs,NICK,289430,267453,0.0759320043
Martin,BET,180832,180059,0.0042746859
Hey Arnold!,TEENNCK,62357,58590,0.0604102186
Pretty Woman,LIFE,204804,192761,0.0588025624
The Goldbergs,NICK,229829,222421,0.0322326599
Halloween Wars,FOOD,153720,171499,-0.1156583398
Good Morning America,ABC,3731431,3711011,0.0054724314
Unsolved Mysteries,LIFE,64140,78143,-0.2183193015
Rusty Rivets,NICK,367184,384278,-0.0465543161
PAW Patrol,NICK,376806,380774,-0.0105306179
Unsolved Mysteries,LIFE,148236,143867,0.0294732723
House Hunters,HGTV,309135,303920,0.0168696524
PAW Patrol,NICK,424006,429163,-0.0121625637
Teen Mom 2,MTV,112902,107759,0.0455527803
Teen Mom 2,MTV,141728,141219,0.0035913863
Chopped,FOOD,258628,249308,0.0360363147
Bizarre Foods: Delicious Destinations,TRAVEL,220799,218287,0.0113768631
Catfish: The TV Show,MTV,117505,105593,0.1013744096
Grey's Anatomy,LIFE,212373,207711,0.021951943
Escape from Mr. Lemoncello's Library,NICK,793138,836688,-0.0549084775
Escape from Mr. Lemoncello's Library,NICK,793138,681440,0.1408304734
The Middle,ABC,4166561,4203408,-0.0088435043
Catfish: The TV Show,MTV,181395,165530,0.0874610656
Full House,NICK,565583,543075,0.0397961042
The Dude Perfect Show,TEENNCK,143415,129277,0.098581041
Chopped,FOOD,513405,504932,0.0165035401
The Challenge,MTV,182038,178178,0.0212043639
Bizarre Foods: Delicious Destinations,TRAVEL,425588,401309,0.0570481311
The Mayor,ABC,2674747,2567189,0.0402124014
Crashletes,TEENNCK,107848,97361,0.0972387063
Dance Moms,LIFE,435356,430654,0.0108003565
Full House,NICK,532567,488532,0.0826844322
NCIS: New Orleans,CBS,5265677,5418377,-0.0289991202
Full House,TEENNCK,116222,116378,-0.0013422588
Kevin (Probably) Saves the World,ABC,2604898,2362534,0.0930416469
House Hunters,HGTV,852150,853695,-0.0018130611
Rocko's Modern Life,TEENNCK,87624,86479,0.0130671962
Rocko's Modern Life,TEENNCK,87624,77778,0.1123664749
Rocko's Modern Life,TEENNCK,69664,69215,0.0064452228
The Tonight Show Starring Jimmy Fallon,NBC,2656026,2748371,-0.0347681084
Chopped,FOOD,323617,313460,0.0313858666
Rugrats,TEENNCK,65166,62033,0.0480772182
Ridiculousness,MTV,148850,145769,0.02069869
Bizarre Foods: Delicious Destinations,TRAVEL,192704,181106,0.0601855696
The Goldbergs,NICK,286125,249335,0.128580166
Hey Arnold!,TEENNCK,50581,50619,-0.0007512702
Dance Moms,LIFE,98695,90819,0.0798014084
House Hunters,HGTV,322714,331231,-0.0263917896
George Lopez,NICK,252055,255721,-0.0145444447
George Lopez,NICK,255705,254727,0.0038247199
Farmhouse Rules,FOOD,159887,165327,-0.0340240295
PAW Patrol,NICK,357801,359926,-0.0059390555
PAW Patrol,NICK,400259,416176,-0.039766751
The First 48,LIFE,166352,166934,-0.0034986054
Bizarre Foods with Andrew Zimmern,TRAVEL,184692,180709,0.0215656336
Grey's Anatomy,LIFE,199257,197810,0.0072619782
Henry Danger,NICK,919058,917407,0.0017964046
Grey's Anatomy,LIFE,217051,211676,0.0247637652
Expedition Unknown,TRAVEL,256289,257114,-0.0032190223
Survivor: Heroes vs. Healers vs. Hustlers,CBS,5070617,5421180,-0.0691361623
The Goldbergs,ABC,4051287,4071050,-0.0048782029
Riverdale,CW,1310891,1336334,-0.0194089364
Survivor: Heroes vs. Healers vs. Hustlers,CBS,5070617,4830541,0.0473465064
Full House,NICK,604528,608143,-0.0059798719
SEAL Team,CBS,5422008,5497362,-0.0138978032
Property Brothers,HGTV,830896,765941,0.0781746452
The Dude Perfect Show,TEENNCK,163003,141546,0.1316356141
Worst Cooks in America,FOOD,533348,513602,0.0370227319
American Housewife,ABC,3493488,3430370,0.0180673298
Crashletes,TEENNCK,117956,113252,0.039879277
Teen Mom,MTV,310920,287485,0.0753730863
Full House,TEENNCK,120989,121454,-0.0038433246
Full House,TEENNCK,120989,120372,0.0050996372
Full House,TEENNCK,120600,113671,0.0574543947
Rocko's Modern Life,TEENNCK,88619,89218,-0.0067592728
Caribbean Pirate Treasure,TRAVEL,294917,274619,0.0688261443
Marley & Me,LIFE,254373,240123,0.0560200965
Rocko's Modern Life,TEENNCK,88619,78517,0.1139936131
Rocko's Modern Life,TEENNCK,70430,68826,0.0227743859
Property Brothers,HGTV,498759,513234,-0.0290220327
Jimmy Kimmel Live!,ABC,2099865,1708996,0.1861400614
Rugrats,TEENNCK,66784,63769,0.0451455438
Worst Cooks in America,FOOD,283169,266690,0.0581949295
Friends,NICK,395937,362343,0.0848468317
Rugrats,TEENNCK,59874,58332,0.0257540836
Catfish: The TV Show,MTV,118590,123753,-0.0435365545
The Goldbergs,NICK,298295,278727,0.0655994904
Caribbean Pirate Treasure,TRAVEL,118597,113210,0.0454227341
Marley & Me,LIFE,79067,70278,0.1111588906
Rusty Rivets,NICK,372190,394252,-0.0592761761
Unsolved Mysteries,LIFE,125443,122301,0.0250472326
Bubble Guppies,NICK,374217,366687,0.0201220148
Cake Wars,FOOD,141472,147918,-0.0455637865
The First 48,LIFE,145755,143501,0.0154643065
Grey's Anatomy,LIFE,167056,162450,0.0275715928
Flip Or Flop,HGTV,648111,668958,-0.0321657864
Scandal,ABC,3459457,3599520,-0.0404869897
Chopped,FOOD,514475,481750,0.063608533
Nick Cannon Presents: Wild 'N Out,MTV,180113,175172,0.0274327783
Cloudy with a Chance of Meatballs,NICK,612331,527033,0.1393004764
Martin,BET,243820,236790,0.0288327455
Full House,TEENNCK,114380,115513,-0.0099055779
Nick Cannon Presents: Wild 'N Out,MTV,185487,179142,0.034207249
Rocko's Modern Life,TEENNCK,83118,74955,0.0982097741
Chopped,FOOD,332107,348295,-0.0487433267
Nick Cannon Presents: Wild 'N Out,MTV,144170,144370,-0.0013872512
Friends,NICK,469297,436322,0.0702646725
Rugrats,TEENNCK,67611,66756,0.0126458712
Nick Cannon Presents: Wild 'N Out,MTV,113547,114600,-0.0092736928
The Goldbergs,NICK,251646,253004,-0.0053964696
Flip Or Flop,HGTV,190117,180874,0.0486174303
PAW Patrol,NICK,541919,544583,-0.0049158638
Flip Or Flop,HGTV,235872,237352,-0.0062745896
Giada at Home,FOOD,167982,168431,-0.0026729054
Unsolved Mysteries,LIFE,131555,127518,0.030686785
SpongeBob SquarePants,NICK,727831,713444,0.0197669514
Ghost Adventures,TRAVEL,115608,112869,0.023692132
My Lottery Dream Home,HGTV,620038,645626,-0.0412684384
Shrek Forever After,NICK,910704,954201,-0.0477619512
Shrek Forever After,NICK,910704,861855,0.0536387234
"Nicky, Ricky, Dicky, & Dawn",TEENNCK,137165,129615,0.0550431962
Bad Boys,BET,248823,281526,-0.1314307761
Hitch,LIFE,288229,284732,0.0121327139
Marvel's Inhumans,ABC,1892095,1855254,0.0194710096
20/20,ABC,2473668,2250667,0.0901499312
Rocko's Modern Life,TEENNCK,104702,96957,0.0739718439
"Diners, Drive-Ins and Dives",FOOD,553006,553196,-0.0003435767
Friends,NICK,572320,573475,-0.0020181018
Jimmy Kimmel Live!,ABC,2026910,2404547,-0.1863116764
Josh Gates' Destination Truth,TRAVEL,212194,193037,0.0902805923
Ridiculousness,MTV,147834,149183,-0.0091250998
Hitch,LIFE,177926,172792,0.0288546924
"Diners, Drive-Ins and Dives",FOOD,273102,282420,-0.0341191203
Josh Gates' Destination Truth,TRAVEL,107428,94027,0.1247440146
My Lottery Dream Home,HGTV,273103,259359,0.0503253351
George Lopez,NICK,231262,248864,-0.0761128071
Drumline,MTV,120159,143608,-0.1951497599
Freedom Writers,MTV,124726,125030,-0.0024373427
Catfish: The TV Show,MTV,128177,139287,-0.0866770169
Catfish: The TV Show,MTV,172611,175561,-0.0170904519
Catfish: The TV Show,MTV,174429,183615,-0.0526632613
Beachfront Bargain Hunt: Renovation,HGTV,770009,727637,0.0550279282
A Neighbor's Deception,LIFE,303923,311664,-0.0254702671
Stalked By My Neighbor,LIFE,299018,287463,0.0386431586
Halloween Wars,FOOD,533400,519866,0.0253730784
Nick Cannon Presents: Wild 'N Out,MTV,142666,139894,0.0194299973
Kenan & Kel,TEENNCK,84922,80044,0.0574409458
Friends,NICK,485444,490577,-0.0105738252
Nick Cannon Presents: Wild 'N Out,MTV,138125,141657,-0.0255710407
Nick Cannon Presents: Wild 'N Out,MTV,138125,132124,0.0434461538
A Neighbor's Deception,LIFE,227409,215311,0.0531993017
Nick Cannon Presents: Wild 'N Out,MTV,126582,124141,0.0192839424
Nick Cannon Presents: Wild 'N Out,MTV,111711,112119,-0.0036522813
Halloween Wars,FOOD,244702,221737,0.0938488447
Stalked By My Neighbor,LIFE,136186,127440,0.0642209919
Beachfront Bargain Hunt: Renovation,HGTV,277878,292555,-0.0528181432
George Lopez,NICK,240227,253142,-0.0537616504
iCarly,TEENNCK,48754,46928,0.0374533372
Mysteries at the Museum,TRAVEL,164311,149380,0.0908703617
Victorious,TEENNCK,129183,125803,0.0261644334
Ridiculousness,MTV,201035,206807,-0.0287114184
Ridiculousness,MTV,178385,189404,-0.0617708888
Ridiculousness,MTV,174868,181020,-0.0351808221
The Perfect Soulmate,LIFE,378149,387567,-0.0249055267
Above the Rim,BET,226454,229623,-0.013994012
Cloudy with a Chance of Meatballs,NICK,614823,619909,-0.0082722995
Hustle & Flow,BET,242786,247496,-0.0193998006
Psycho In-Law,LIFE,641666,610558,0.0484800504
Cloudy with a Chance of Meatballs,NICK,614823,532996,0.1330903366
Halloween Wars,FOOD,710598,687225,0.0328920149
Mexico Life,HGTV,922110,904399,0.019207036
Fresh Prince of Bel-Air,NICK,440135,438112,0.004596317
Haunted USA,TRAVEL,190505,186604,0.0204771528
Full House,TEENNCK,133587,132520,0.0079873042
All That,TEENNCK,93718,97122,-0.0363217312
All That,TEENNCK,93718,80148,0.1447960904
Friends,NICK,495218,494001,0.0024575036
All That,TEENNCK,72956,66771,0.0847771259
Nick Cannon Presents: Wild 'N Out,MTV,130588,122053,0.0653582259
Kenan & Kel,TEENNCK,57378,56752,0.0109101049
Halloween Wars,FOOD,326674,292383,0.1049700925
Mexico Life,HGTV,440108,429790,0.0234442455
Haunted USA,TRAVEL,89673,84896,0.0532713303
Psycho In-Law,LIFE,235790,191898,0.1861486916
Hey Arnold!,TEENNCK,55730,56371,-0.0115018841
George Lopez,NICK,259478,257461,0.0077732987
George Lopez,NICK,269020,269179,-0.0005910341
Henry Danger,TEENNCK,94961,96035,-0.0113099062
"Nicky, Ricky, Dicky, & Dawn",TEENNCK,110642,105613,0.0454529022
Victorious,TEENNCK,84343,85564,-0.0144766015
Victorious,TEENNCK,72432,73246,-0.0112381268
Rusty Rivets,NICK,463397,485866,-0.0484875819
PAW Patrol,NICK,433697,431572,0.0048997341
Bubble Guppies,NICK,428790,412785,0.0373259638
Bella and the Bulldogs,TEENNCK,45683,46684,-0.0219118709
The First 48,LIFE,136414,136632,-0.0015980764
Ridiculousness,MTV,111172,111255,-0.0007465909
Pioneer Woman,FOOD,303236,305696,-0.0081124932
Game Shakers,TEENNCK,47363,47355,0.0001689082
Game Shakers,TEENNCK,46426,45785,0.0138069185
Bizarre Foods with Andrew Zimmern,TRAVEL,148198,144696,0.0236305483
Guy's Grocery Games,FOOD,252430,232910,0.0773283683
G.I. Jane,LIFE,201144,169825,0.155704371
Hustle & Flow,BET,129420,142018,-0.0973419873
Bizarre Foods with Andrew Zimmern,TRAVEL,275081,264824,0.037287199
Teen Mom 2,MTV,260913,278812,-0.0686014112
The Stepfather,LIFE,268383,259880,0.0316823346
Crashletes,TEENNCK,114161,117371,-0.028118184
Full House,TEENNCK,119655,121294,-0.0136977143
Full House,TEENNCK,121676,122858,-0.0097143233
Rocko's Modern Life,TEENNCK,84934,87097,-0.0254668331
Rugrats,TEENNCK,69083,68493,0.0085404513
Teen Mum,MTV,147318,141171,0.041726062
The Stepfather,LIFE,168249,156769,0.0682322035
The Goldbergs,NICK,293304,297536,-0.0144287156
Martin,BET,205650,193951,0.0568879164
The Goldbergs,NICK,293304,260451,0.1120100646
iCarly,TEENNCK,73201,74631,-0.0195352523
Henry Danger,TEENNCK,97904,100334,-0.0248202321
Good Morning America,ABC,3689890,4130828,-0.1194989553
Today (1),NBC,3956855,4329759,-0.0942425234
Unsolved Mysteries,LIFE,115595,110094,0.0475885635
Victorious,TEENNCK,62461,61049,0.0226061062
School of Rock,TEENNCK,42780,40822,0.045769051
"Nicky, Ricky, Dicky, & Dawn",TEENNCK,37617,36472,0.0304383656
Bizarre Foods: Delicious Destinations,TRAVEL,123349,124917,-0.0127118988
"Nicky, Ricky, Dicky, & Dawn",TEENNCK,39355,40194,-0.0213187651
The First 48,LIFE,152577,143861,0.0571252548
"Nicky, Ricky, Dicky, & Dawn",TEENNCK,38779,39049,-0.0069625313
Teen Mom 2,MTV,97967,87777,0.1040146172
Teen Mom 2,MTV,97967,103999,-0.0615717538
Bizarre Foods: Delicious Destinations,TRAVEL,184636,178521,0.0331192184
Chopped,FOOD,270194,255412,0.0547088388
Grey's Anatomy,LIFE,205193,199148,0.0294600693
The Loud House,NICK,1055456,1059342,-0.0036818209
Bizarre Foods America,TRAVEL,261066,255109,0.0228179847
Fixer Upper,HGTV,741091,685928,0.0744348535
Teen Mom 2,MTV,164554,150614,0.0847138325
Full House,NICK,568634,529419,0.0689635161
Teen Mom 2,MTV,164554,176182,-0.0706637335
Dance Moms,LIFE,348710,339066,0.0276562186
Teen Mom 2,MTV,234055,210023,0.1026767213
Dance Moms,LIFE,439768,427163,0.0286628404
The Thundermans,TEENNCK,127067,127948,-0.0069333501
Teen Mom 2,MTV,234055,232723,0.0056909701
The Thundermans,TEENNCK,127067,97601,0.2318934106
Fresh Prince of Bel-Air,NICK,423468,424163,-0.0016412102
Bizarre Foods: Delicious Destinations,TRAVEL,312085,289365,0.0728006793
Chopped,FOOD,526552,511067,0.0294083016
Fresh Prince of Bel-Air,NICK,394738,387143,0.0192406102
Full House,TEENNCK,118420,109659,0.0739824354
Just Married,LIFE,249653,238625,0.0441733126
Rocko's Modern Life,TEENNCK,83926,74488,0.1124562114
House Hunters International,HGTV,728203,706260,0.030133081
Friends,NICK,412759,406509,0.0151420078
Rugrats,TEENNCK,64163,61610,0.0397892867
Dance Moms,LIFE,120899,119665,0.0102068669
Rugrats,TEENNCK,58398,57778,0.0106168019
The Goldbergs,NICK,298166,295054,0.010437139
Bizarre Foods: Delicious Destinations,TRAVEL,144803,136958,0.0541770543
Dance Moms,LIFE,115118,118868,-0.0325752706
Martin,BET,206336,203819,0.0121985499
Chopped,FOOD,223036,210595,0.0557802328
The Goldbergs,NICK,247226,263540,-0.0659882051
House Hunters International,HGTV,274512,266628,0.028720056
Just Married,LIFE,75389,70913,0.0593720569
Fixer Upper,HGTV,217428,229800,-0.056901595
George Lopez,NICK,273203,269083,0.0150803615
George Lopez,NICK,284750,288695,-0.0138542581
Henry Danger,TEENNCK,94543,86883,0.0810213342
Victorious,TEENNCK,59254,57454,0.030377696
Rusty Rivets,NICK,460540,434139,0.0573261823
Halloween Wars,FOOD,190610,188293,0.0121557106
Sam & Cat,TEENNCK,43583,42353,0.0282220132
Food Paradise,TRAVEL,121859,119487,0.0194651195
The Loud House,NICK,1081026,1026125,0.0507860125
Grey's Anatomy,LIFE,208714,204885,0.0183456788
Grey's Anatomy,LIFE,208714,206358,0.0112881742
Expedition Unknown,TRAVEL,223168,203598,0.0876917838
Madea's Family Reunion,BET,348881,302819,0.1320278261
Teen Mom 2,MTV,196655,171051,0.1301975541
Full House,NICK,641370,638764,0.0040631773
Expedition Unknown: Hunt for Extraterrestrials,TRAVEL,488465,471831,0.0340536169
Full House,NICK,568745,548035,0.0364135069
Crashletes,TEENNCK,117334,110986,0.0541019653
Full House,TEENNCK,128623,128294,0.0025578629
Little Women: LA,LIFE,270989,235330,0.1315883671
Catfish: The TV Show,MTV,199250,198414,0.004195734
Rocko's Modern Life,TEENNCK,91946,82226,0.1057142236
Halloween Baking Championship,FOOD,421921,406542,0.0364499515
House Hunters,HGTV,651734,644881,0.0105150261
Expedition Unknown: Hunt for Extraterrestrials,TRAVEL,203494,205646,-0.0105752504
Rugrats,TEENNCK,66827,66824,0.000044892
Rugrats,TEENNCK,66827,64097,0.0408517515
Rugrats,TEENNCK,61355,60596,0.0123706299
Rugrats,TEENNCK,61355,60119,0.0201450575
The Goldbergs,NICK,247513,257268,-0.0394120713
Hey Arnold!,TEENNCK,54385,54531,-0.0026845638
The Goldbergs,NICK,247513,234445,0.0527972268
How I Met Your Mother,WGN,68919,76545,-0.1106516345
How I Met Your Mother,WGN,56226,61132,-0.0872550066
Halloween Baking Championship,FOOD,159360,153611,0.0360755522
Little Women: LA,LIFE,75186,69276,0.0786050595
House Hunters,HGTV,239384,236019,0.0140569127
School of Rock,TEENNCK,58518,56261,0.0385693291
Madea's Family Reunion,BET,223569,240825,-0.077184225
Blue Streak,BET,273469,265649,0.0285955629
Rocko's Modern Life,TEENNCK,83287,81432,0.0222723834
Rugrats,TEENNCK,66216,65641,0.0086837018
Hey Arnold!,TEENNCK,65513,62155,0.0512570024
Martin,BET,145149,144334,0.0056149198
School of Rock,TEENNCK,63222,64505,-0.0202935687
This Christmas,BET,313190,298849,0.0457900955
iCarly,TEENNCK,138217,137405,0.00587482
Full House,TEENNCK,135977,134229,0.0128551152
Full House,TEENNCK,142814,142821,-4.9014802470346E-05
Full House,TEENNCK,142814,136132,0.04678813
Rocko's Modern Life,TEENNCK,76672,78046,-0.0179204925
Cry Baby Lane,TEENNCK,46860,41001,0.1250320102
Cry Baby Lane,TEENNCK,46860,37748,0.1944515578
Hey Arnold!,TEENNCK,43800,43371,0.0097945205
Coach Carter,BET,248648,244129,0.0181742865
Full House,TEENNCK,109547,108508,0.0094845135
Baby Boy,BET,254330,255869,-0.0060511933
Baby Boy,BET,254330,269129,-0.0581881807
Hey Arnold!,TEENNCK,62217,61321,0.0144012087
iCarly,TEENNCK,43611,43105,0.0116025773
iCarly,TEENNCK,46222,45119,0.0238630955
Victorious,TEENNCK,95114,95719,-0.0063607881
Sam & Cat,TEENNCK,127757,122649,0.0399821536
Henry Danger,TEENNCK,151812,148987,0.0186085421
The Single Moms Club,BET,344947,366711,-0.0630937506
Full House,TEENNCK,131331,131879,-0.004172663
Rocko's Modern Life,TEENNCK,90001,90993,-0.0110220998
Rocko's Modern Life,TEENNCK,90001,79383,0.1179764669
Rocko's Modern Life,TEENNCK,73968,72921,0.0141547696
Martin,BET,266229,281112,-0.0559030008
