The Big Bang Theory,TBS,1458472,1395490,0.043183551
George Lopez,NICK,338509,337998,0.001509561
Milo Murphy's Law,DISNEYXD,61612,63146,-0.0248977472
E! News,E!,71085,66430,0.0654849828
Milo Murphy's Law,DISNEYXD,82867,84698,-0.0220956472
E! News,E!,71085,74939,-0.0542167827
Keeping Up with the Kardashians,E!,124879,165309,-0.3237533933
Gravity Falls,DISNEYXD,100919,99470,0.0143580495
Keeping Up with the Kardashians,E!,124879,100523,0.1950367956
Gravity Falls,DISNEYXD,106254,105661,0.0055809664
Keeping Up with the Kardashians,E!,96808,94338,0.0255144203
iCarly,TEENNCK,88120,85503,0.0296981389
Lab Rats,DISNEYXD,99632,99228,0.0040549221
Keeping Up with the Kardashians,E!,107966,108040,-0.000685401
Lab Rats,DISNEYXD,92426,91717,0.0076710017
Bella and the Bulldogs,TEENNCK,55031,56308,-0.0232051026
Keeping Up with the Kardashians,E!,121213,119729,0.0122429112
Bubble Guppies,NICK,463166,457934,0.011296166
Cupcake Wars,FOOD,166182,175929,-0.0586525616
Keeping Up with the Kardashians,E!,121213,117863,0.0276372996
The Surrogate,LIFE,139887,130407,0.067768985
Lab Rats,DISNEYXD,101039,96532,0.0446065381
100 Things to do Before High School,TEENNCK,53072,51673,0.026360416
Keeping Up with the Kardashians,E!,159802,164635,-0.0302436765
Freedom Writers,VH1,98775,94969,0.0385320172
Gravity Falls,DISNEYXD,109484,109248,0.0021555661
Ridiculousness,MTV,132674,131051,0.0122329921
Long Island Medium,TLC,231935,222141,0.0422273482
"Nicky, Ricky, Dicky, & Dawn",TEENNCK,58423,56501,0.0328980025
Gravity Falls,DISNEYXD,115361,111748,0.0313190766
Keeping Up with the Kardashians,E!,161297,156715,0.0284072239
Jersey Shore,MTV,114785,111410,0.0294027965
Fangbone!,DISNEYXD,87921,85542,0.027058382
Long Island Medium,TLC,261650,267088,-0.0207834894
Beyblade Burst,DISNEYXD,71493,70125,0.0191347405
Pokémon The Series: XY,DISNEYXD,84356,83734,0.0073735123
Say Yes to the Dress,TLC,250885,248515,0.0094465592
Milo Murphy's Law,DISNEYXD,99514,100936,-0.0142894467
Milo Murphy's Law,DISNEYXD,119021,121265,-0.0188538157
Black Ink Crew,VH1,159310,171855,-0.0787458414
Walk the Prank,DISNEYXD,114922,115097,-0.001522772
Jersey Shore,MTV,149197,154096,-0.0328357809
Walk the Prank,DISNEYXD,119387,117281,0.0176401116
Sister Act,LOGO,42504,32681,0.2311076605
Tyler Perry's Meet the Browns,BET,214154,203927,0.0477553536
Walk the Prank,DISNEYXD,119387,117485,0.0159313828
Sanford and Son,TVONE,118518,115576,0.0248232336
Sister Act,LOGO,42504,38988,0.0827216262
Milo Murphy's Law,DISNEYXD,125793,126082,-0.0022974251
Sanford and Son,TVONE,129761,130641,-0.0067816987
Sister Act,LOGO,42504,52463,-0.2343073593
Milo Murphy's Law,DISNEYXD,138999,135988,0.0216620263
Milo Murphy's Law,DISNEYXD,156888,158385,-0.0095418388
Sister Act II: Back in the Habit,LOGO,79909,64523,0.1925440188
The Arrangement,E!,226870,211588,0.0673601622
The Real Housewives of Atlanta,BRAVO,311524,328418,-0.0542301717
Good Times,TVONE,141017,138028,0.021196026
Right Now Kapow,DISNEYXD,137851,133942,0.028356704
White Chicks,VH1,278085,297594,-0.0701548088
Boy Meets World,TEENNCK,132719,132267,0.0034056917
Sister Act II: Back in the Habit,LOGO,79909,75929,0.0498066551
Boy Meets World,TEENNCK,117164,116750,0.0035335086
Lab Rats,DISNEYXD,147082,145608,0.0100216206
Sister Act II: Back in the Habit,LOGO,79909,79891,0.0002252562
Miss Congeniality,BRAVO,296418,287170,0.0311991849
Boy Meets World,TEENNCK,117164,107893,0.0791284012
Hip Hop Squares,VH1,268339,273004,-0.017384726
Milo Murphy's Law,DISNEYXD,139027,137653,0.0098829724
Skin Tight,TLC,534099,504867,0.0547314262
Sister Act II: Back in the Habit,LOGO,79909,97586,-0.2212141311
Soul Men,BET,205607,209518,-0.0190217259
Keeping Up with the Kardashians,E!,325468,316876,0.0263989086
Skin Tight,TLC,534099,501641,0.0607715049
Sister Act,LOGO,60960,62311,-0.0221620735
Ultimate Spider-Man,DISNEYXD,119341,118048,0.0108344995
Watch What Happens: Live,BRAVO,284063,256518,0.0969679261
Sister Act,LOGO,60960,59238,0.0282480315
Beat Bobby Flay,FOOD,490729,467162,0.0480244697
Hey Arnold!,TEENNCK,82703,79321,0.0408933171
The Real Housewives of Beverly Hills,BRAVO,215699,209784,0.027422473
Doug,TEENNCK,73081,73416,-0.0045839548
Lottery Ticket,MTV,113696,116999,-0.029051154
Doug,TEENNCK,61890,58759,0.050589756
Friends,NICK,452615,422840,0.0657843863
The Game,BET,113590,113335,0.0022449159
Skin Tight,TLC,230683,237763,-0.0306914684
Love & Hip Hop Atlanta,VH1,157808,159690,-0.0119258846
The Real Housewives of Atlanta,BRAVO,139316,144678,-0.0384880416
Skin Tight,TLC,230683,202706,0.1212789846
The Game,BET,106740,103688,0.0285928424
Fresh Prince of Bel-Air,NICK,324516,321338,0.0097930456
The Jeffersons,TVONE,81170,81828,-0.0081064433
The Real Housewives of Atlanta,BRAVO,139316,117011,0.1601036493
The Jeffersons,TVONE,79045,77147,0.0240116389
Beat Bobby Flay,FOOD,218627,211670,0.0318213212
The Real Housewives of Atlanta,BRAVO,101086,84363,0.1654333933
Walk the Prank,DISNEYXD,43744,42781,0.0220144477
E! News,E!,53625,48635,0.0930536131
Milo Murphy's Law,DISNEYXD,72496,75871,-0.0465542927
Keeping Up with the Kardashians,E!,75914,77173,-0.0165845562
Gravity Falls,DISNEYXD,92743,89623,0.033641353
Keeping Up with the Kardashians,E!,90505,84152,0.0701950168
Gravity Falls,DISNEYXD,104697,100792,0.0372981079
Southern Charm,BRAVO,83481,86084,-0.0311807477
Gravity Falls,DISNEYXD,104697,105525,-0.0079085361
Keeping Up with the Kardashians,E!,90505,90541,-0.0003977681
Keeping Up with the Kardashians,E!,104809,99107,0.0544037249
Keeping Up with the Kardashians,E!,120888,112043,0.0731668983
Southern Charm,BRAVO,120766,110921,0.0815212891
Lab Rats,DISNEYXD,111846,110268,0.0141086852
Keeping Up with the Kardashians,E!,120888,126572,-0.0470187281
Keeping Up with the Kardashians,E!,132700,130317,0.0179577995
Black Ink Crew,VH1,90360,93159,-0.0309760956
Southern Charm,BRAVO,133257,130571,0.0201565396
Bella and the Bulldogs,TEENNCK,63880,61845,0.0318566061
Gravity Falls,DISNEYXD,110107,106773,0.0302796371
Keeping Up with the Kardashians,E!,142489,139227,0.0228929952
PAW Patrol,NICK,534056,495497,0.0722002936
Gravity Falls,DISNEYXD,121199,118117,0.0254292527
Gravity Falls,DISNEYXD,125420,126221,-0.0063865412
Good Times,TVONE,72044,65833,0.0862112043
Fangbone!,DISNEYXD,95687,85337,0.1081651635
The Real Housewives of Atlanta,BRAVO,107204,103888,0.0309316817
Beyblade Burst,DISNEYXD,76510,74536,0.0258005489
Pokémon The Series: XY,DISNEYXD,87273,79955,0.0838518213
Sanford and Son,TVONE,86628,83793,0.0327261394
Keeping Up with the Kardashians,E!,172206,178194,-0.0347723076
Sanford and Son,TVONE,92116,90747,0.0148616961
Say Yes to the Dress,TLC,295018,290683,0.0146940187
Sanford and Son,TVONE,93748,95480,-0.0184750608
Milo Murphy's Law,DISNEYXD,119291,119492,-0.0016849553
Milo Murphy's Law,DISNEYXD,121929,120809,0.0091856736
The Golden Girls,LOGO,32767,33055,-0.0087893307
Tyler Perry's Meet the Browns,BET,159047,162750,-0.0232824259
Milo Murphy's Law,DISNEYXD,115921,116470,-0.004735984
Sanford and Son,TVONE,99334,101887,-0.0257011698
Milo Murphy's Law,DISNEYXD,117321,117095,0.0019263388
Tyler Perry's Meet the Browns,BET,187333,189176,-0.0098380958
Keeping Up with the Kardashians,E!,194823,194864,-0.0002104474
Friends,MTV,190426,186839,0.0188367135
Sanford and Son,TVONE,116023,119928,-0.0336571197
Milo Murphy's Law,DISNEYXD,127053,126888,0.0012986706
Miss Congeniality,BRAVO,200342,192973,0.0367821026
Friends,MTV,188364,183435,0.0261674205
The Golden Girls,LOGO,44059,42539,0.0344991943
A Haunting,TLC,243849,240631,0.0131966914
Varsity Blues,VH1,222076,219597,0.0111628452
Milo Murphy's Law,DISNEYXD,146249,143107,0.0214839076
Mama's Family,LOGO,55428,54162,0.0228404417
Miss Congeniality,BRAVO,200342,222214,-0.1091733136
Good Times,TVONE,129232,129422,-0.0014702241
Mama's Family,LOGO,64061,61477,0.0403365542
Ridiculousness,MTV,273905,268341,0.0203136124
Good Times,TVONE,146490,139018,0.0510068947
Pokémon the Series: Sun & Moon,DISNEYXD,143500,140613,0.0201184669
Varsity Blues,VH1,222076,253025,-0.1393622003
Boy Meets World,TEENNCK,87754,85175,0.0293889737
Mama's Family,LOGO,66795,62917,0.0580582379
The Lucky One,E!,363822,398132,-0.0943043576
"Diners, Drive-Ins and Dives",FOOD,809280,814676,-0.0066676552
Lip Sync Battle,BET,355649,356491,-0.0023675028
Ridiculousness,MTV,287658,274849,0.0445285721
Mama's Family,LOGO,64781,62921,0.0287121224
Boy Meets World,TEENNCK,91490,88770,0.0297300251
Good Times,TVONE,140852,139373,0.0105003834
The Lucky One,E!,363822,377226,-0.0368421921
Marvel's Guardians of the Galaxy,DISNEYXD,130874,128846,0.0154958204
Ridiculousness,MTV,277623,260938,0.0600994874
Mama's Family,LOGO,61947,59407,0.0410027927
Night at the Museum: Battle of the Smithsonian,FREEFORM,278734,272193,0.0234668178
Miss Congeniality 2: Armed and Fabulous,BRAVO,243013,246256,-0.0133449651
Marvel's Guardians of the Galaxy,DISNEYXD,121219,119565,0.0136447257
CatDog,TEENNCK,80329,79837,0.0061248117
Mama's Family,LOGO,58992,57198,0.0304109032
Blue Streak,BET,233730,237271,-0.0151499594
Mama's Family,LOGO,56733,54298,0.0429203462
CatDog,TEENNCK,78808,74380,0.0561871891
Walk the Prank,DISNEYXD,120071,118811,0.0104937912
The Game of Dating,TVONE,86649,81789,0.0560883565
Blue Streak,BET,233730,250684,-0.0725366876
Rugrats,TEENNCK,84203,84854,-0.007731316
Good Times,TVONE,92941,87213,0.0616304968
Blue Streak,BET,233730,233740,-4.27844093612288E-05
"Diners, Drive-Ins and Dives",FOOD,499349,500787,-0.0028797494
Friends,NICK,533342,511558,0.0408443363
Blue Streak,BET,233730,214442,0.0825225688
Rugrats,TEENNCK,78334,78785,-0.0057573978
Unsung Hollywood,TVONE,96811,96933,-0.0012601874
Unsung Hollywood,TVONE,96811,102157,-0.0552209976
Blue Streak,BET,233730,197016,0.1570786805
When Harry Met Sally ...,BRAVO,144326,145450,-0.0077879246
A Haunting,TLC,104838,100651,0.0399378088
When Harry Met Sally ...,BRAVO,144326,123899,0.14153375
The Real Housewives of New York City,BRAVO,105675,98423,0.0686255027
George Lopez,NICK,334622,329844,0.0142787982
SpongeBob SquarePants,NICK,445791,443334,0.0055115514
Alice in Wonderland,FREEFORM,103041,129460,-0.2563930862
E! News Weekend,E!,155208,141308,0.0895572393
Teen Mom 2,MTV,189668,186884,0.0146782799
Ghostbusters II,VH1,167314,170679,-0.0201118854
Walk the Prank,DISNEYXD,125529,124785,0.0059269173
How to Train Your Dragon,FREEFORM,326731,322212,0.0138309496
Power Rangers Ninja Steel,NICK,665772,671634,-0.0088048161
Walk the Prank,DISNEYXD,134133,132034,0.0156486472
Mama's Family,LOGO,54322,53527,0.0146349545
Walk the Prank,DISNEYXD,131393,129835,0.0118575571
Walk the Prank,DISNEYXD,122922,124391,-0.0119506679
Keeping Up with the Kardashians,E!,216651,210975,0.0261988175
Walk the Prank,DISNEYXD,119035,116336,0.0226740034
Keeping Up with the Kardashians,E!,216651,215398,0.0057834951
Mama's Family,LOGO,56588,56690,-0.0018025023
Malibu's Most Wanted,VH1,159628,160837,-0.0075738592
Catfish: The TV Show,MTV,190477,192293,-0.0095339595
Keeping Up with the Kardashians,E!,221706,223643,-0.0087367956
Spring Baking Championship,FOOD,492208,477947,0.0289735234
Bunsen Is a Beast,NICK,696256,699764,-0.0050383767
Spring Baking Championship,FOOD,492208,481163,0.0224397003
Maid in Manhattan,E!,272071,239370,0.1201928908
Beyond the Lights,BET,212274,231133,-0.0888427221
Yo-Kai Watch,DISNEYXD,81384,79509,0.0230389266
ATL,BET,277494,225331,0.1879788392
Ice Age: The Meltdown,FREEFORM,366458,360785,0.0154806281
Mean Girls,BRAVO,259042,242448,0.0640591101
Sanford and Son,TVONE,179533,177040,0.0138860265
ATL,BET,277494,272097,0.0194490692
Mommy's Little Boy,LIFE,783280,729324,0.06888469
Monster-In-Law,E!,421050,392079,0.068806555
Say Yes to the Dress,TLC,620213,676946,-0.0914734132
Monster-In-Law,E!,421050,424661,-0.0085761786
Sanford and Son,TVONE,188019,184245,0.0200724395
Mommy's Little Boy,LIFE,783280,768230,0.0192140741
Mean Girls,BRAVO,281485,231824,0.1764250315
Sanford and Son,TVONE,186791,184272,0.0134856604
Sanford and Son,TVONE,182206,180003,0.0120907105
Walk the Prank,DISNEYXD,120451,117548,0.0241010867
The 40-Year-Old Virgin,MTV,233595,221609,0.0513110298
Walk the Prank,DISNEYXD,120363,119620,0.0061729934
Mean Girls,BRAVO,281485,295629,-0.050247793
Say Yes to the Dress,TLC,402044,394933,0.0176871188
Walk the Prank,DISNEYXD,136846,135399,0.0105739298
The Breaks,BET,237956,219898,0.0758879793
Wreck-It Ralph,FREEFORM,439625,427770,0.0269661643
Sanford and Son,TVONE,172859,173501,-0.0037140097
Friends,NICK,589085,587962,0.0019063463
The Breaks,BET,237956,202573,0.1486955572
Kenan & Kel,TEENNCK,76849,77121,-0.0035394085
Mommy's Little Boy,LIFE,512453,556993,-0.0869152878
The Breaks,BET,237956,197733,0.1690354519
The 40-Year-Old Virgin,MTV,233595,188828,0.1916436568
The Breaks,BET,170473,176512,-0.0354249647
The School of Rock,BRAVO,241414,239359,0.0085123481
Mommy's Little Boy,LIFE,512453,444337,0.1329214582
The Breaks,BET,170473,170744,-0.0015896946
Fresh Prince of Bel-Air,NICK,422243,437226,-0.0354843064
Kenan & Kel,TEENNCK,73258,69599,0.0499467635
The Jeffersons,TVONE,122469,120998,0.0120112028
The Jeffersons,TVONE,116227,117722,-0.0128627599
Summer House,BRAVO,112648,101377,0.1000550387
iCarly,TEENNCK,42362,42899,-0.0126764553
Snow White and the Seven Dwarfs,FREEFORM,122984,82998,0.3251317245
iCarly,TEENNCK,64210,62535,0.0260862794
Victorious,TEENNCK,75599,75327,0.0035979312
Snow White and the Seven Dwarfs,FREEFORM,122984,185859,-0.5112453653
Keeping Up with the Kardashians,E!,128412,119609,0.0685527832
Love Under New Management: The Miki Howard Story,TVONE,83032,75163,0.0947706908
Love Under New Management: The Miki Howard Story,TVONE,83032,87463,-0.0533649677
Keeping Up with the Kardashians,E!,182127,176161,0.0327573616
Love Under New Management: The Miki Howard Story,TVONE,83032,102315,-0.2322357645
Unsung,TVONE,119951,115977,0.0331301948
Keeping Up with the Kardashians,E!,214207,223585,-0.0437800819
Unsung,TVONE,143669,136529,0.0496975687
Mama's Family,LOGO,54892,55382,-0.0089266195
Unsung,TVONE,143669,145544,-0.0130508321
Mama's Family,LOGO,58474,57759,0.0122276567
Romeo Must Die,VH1,215342,178197,0.1724930576
Keeping Up with the Kardashians,E!,249675,242446,0.0289536397
Empire,TVONE,139124,134407,0.0339050056
Ice Age,FREEFORM,370338,373650,-0.0089431816
Empire,TVONE,149817,142569,0.0483790224
Keeping Up with the Kardashians,E!,259288,261581,-0.0088434482
Ice Age: The Meltdown,FREEFORM,386409,378195,0.0212572689
Happy Gilmore,MTV,215003,202334,0.0589247592
Ice Age: The Meltdown,FREEFORM,386409,379612,0.01759017
Say Yes to the Dress,TLC,464749,453240,0.0247639048
8 Mile,VH1,209829,190073,0.0941528578
Happy Gilmore,MTV,215003,221525,-0.0303344604
Ice Age: The Meltdown,FREEFORM,386409,365224,0.0548253276
Happy Gilmore,MTV,215003,225114,-0.0470272508
Keeping Up with the Kardashians,E!,274446,261079,0.048705392
Roseanne,LOGO,54259,52517,0.0321052729
Despicable Me,FREEFORM,483343,494675,-0.0234450483
Roseanne,LOGO,59152,56643,0.0424161482
Black Ink Crew,VH1,180128,172185,0.0440964203
Keeping Up with the Kardashians,E!,303466,307741,-0.0140872454
Roseanne,LOGO,57511,56202,0.0227608631
ATL,BET,279766,286296,-0.0233409349
Wreck-It Ralph,FREEFORM,482404,506707,-0.0503789355
Baby Boy,BET,330883,269317,0.1860657695
Star Wars Rebels,DISNEYXD,105081,106220,-0.0108392573
Keeping Up with the Kardashians,E!,425875,497488,-0.1681549751
Love & Hip Hop Atlanta,VH1,257753,245644,0.0469790846
Baby Boy,BET,330883,335794,-0.0148421043
Four Brothers,MTV,244533,253836,-0.038043945
The Arrangement,E!,537370,480652,0.1055473882
Who Do You Think You Are?,TLC,771483,675195,0.1248089718
Milo Murphy's Law,DISNEYXD,119191,111908,0.0611036068
Baby Boy,BET,330883,319556,0.0342326442
Baby Boy,BET,330883,341001,-0.0305787846
Walk the Prank,DISNEYXD,118057,114023,0.0341699349
The Real Housewives of Atlanta,BRAVO,272122,291583,-0.0715157172
Who Do You Think You Are?,TLC,245855,216616,0.1189278233
The Real Housewives of Atlanta,BRAVO,138258,137759,0.0036091944
George Lopez,NICK,310602,310254,0.0011204049
Star vs. The Forces of Evil,DISNEYXD,97325,97157,0.0017261752
Keeping Up with the Kardashians,E!,105973,101618,0.0410953733
Sam & Cat,TEENNCK,79357,78915,0.005569767
Vanderpump Rules,BRAVO,93977,91099,0.0306245145
Pioneer Woman,FOOD,149141,156322,-0.048149067
Vanderpump Rules,BRAVO,92229,88510,0.0403235425
Lab Rats,DISNEYXD,89881,88950,0.0103581402
Keeping Up with the Kardashians,E!,141118,141476,-0.002536884
Bella and the Bulldogs,TEENNCK,47735,48768,-0.0216403059
Teen Mom 2,MTV,108955,107028,0.0176862007
Bella and the Bulldogs,TEENNCK,52274,50599,0.0320426981
PAW Patrol,NICK,525614,525632,-3.42456631672672E-05
Long Island Medium,TLC,216762,209539,0.0333222613
Gravity Falls,DISNEYXD,91740,91984,-0.0026596904
Long Island Medium,TLC,249794,242014,0.031145664
Beyblade Burst,DISNEYXD,72792,73161,-0.0050692384
Vanderpump Rules,BRAVO,135743,131978,0.0277362369
Milo Murphy's Law,DISNEYXD,121661,122049,-0.0031891896
Walk the Prank,DISNEYXD,115495,116735,-0.0107363955
Say Yes to the Dress,TLC,303231,293342,0.032612101
Fatal Attraction,TVONE,96612,86607,0.1035585642
Henry Danger,NICK,1063678,1016818,0.0440546857
Teen Mom 2,MTV,180914,179754,0.0064118863
Say Yes to the Dress,TLC,320314,313670,0.0207421468
Keeping Up with the Kardashians,E!,263041,291410,-0.107850107
Baby Boy,BET,218281,221300,-0.0138307961
Fatal Attraction,TVONE,116291,102954,0.1146864332
Fatal Attraction,TVONE,116291,119712,-0.0294175818
Keeping Up with the Kardashians,E!,305826,287164,0.0610216267
Fatal Attraction,TVONE,129999,122750,0.0557619674
Milo Murphy's Law,DISNEYXD,164717,160029,0.028460936
Walk the Prank,DISNEYXD,152089,150629,0.0095996423
Lab Rats,DISNEYXD,160820,157545,0.0203643825
Boy Meets World,TEENNCK,111763,103285,0.0758569473
Sweet Home Oklahoma,BRAVO,561288,548206,0.0233071079
All That,TEENNCK,91572,87569,0.0437142358
Extreme Weight Loss,TLC,280123,280456,-0.0011887635
Keeping Up with the Kardashians,E!,293227,292286,0.0032091179
Milo Murphy's Law,DISNEYXD,142295,141421,0.0061421694
Sweet Home Oklahoma,BRAVO,478450,443298,0.0734705821
Walk the Prank,DISNEYXD,126635,130132,-0.0276147984
Addicted,BET,226807,209184,0.0777004237
Teen Mom 2,MTV,305041,359530,-0.1786284467
Vanderpump Rules,BRAVO,310827,299015,0.0380018467
CSI: Miami,WeTV,174865,154494,0.1164955823
Sweet Home Oklahoma,BRAVO,192314,185998,0.0328421228
Martin,BET,154557,155319,-0.0049302199
Teen Mom 2,MTV,222155,223334,-0.0053071054
Fresh Prince of Bel-Air,NICK,396676,380757,0.0401309885
Fatal Attraction,TVONE,109910,109367,0.0049404058
Rugrats,TEENNCK,61646,58014,0.0589170425
Extreme Weight Loss,TLC,128843,107227,0.1677700768
The Jeffersons,TVONE,79115,79061,0.0006825507
The Wendy Williams Show,BET,150800,126102,0.1637798408
Milo Murphy's Law,DISNEYXD,92721,93223,-0.0054140917
Keeping Up with the Kardashians,E!,103233,103690,-0.004426879
The Real Housewives of New York City,BRAVO,136879,128052,0.0644876131
Keeping Up with the Kardashians,E!,104246,100741,0.0336223932
Keeping Up with the Kardashians,E!,94747,90226,0.0477165504
Pioneer Woman,FOOD,150009,179125,-0.194095021
Bella and the Bulldogs,TEENNCK,47751,45925,0.0382400369
Keeping Up with the Kardashians,E!,105427,102921,0.023770002
Bubble Guppies,NICK,455205,457922,-0.0059687394
Bubble Guppies,NICK,457962,449473,0.0185364725
Keeping Up with the Kardashians,E!,112120,111219,0.0080360328
100 Things to do Before High School,TEENNCK,43351,44252,-0.0207838343
Hip Hop Squares,VH1,149968,151117,-0.0076616345
Gravity Falls,DISNEYXD,82446,80866,0.0191640589
Keeping Up with the Kardashians,E!,128050,132765,-0.0368215541
The Real Housewives of New York City,BRAVO,124617,119532,0.0408050266
SpongeBob SquarePants,NICK,755417,746578,0.0117008222
Fangbone!,DISNEYXD,76495,72116,0.0572455716
The Middle,FREEFORM,154399,151958,0.0158096879
Pokémon The Series: XY,DISNEYXD,82785,85779,-0.0361659721
Milo Murphy's Law,DISNEYXD,93866,96903,-0.0323546332
The Middle,FREEFORM,183051,180843,0.0120622122
Walk the Prank,DISNEYXD,122351,120300,0.0167632467
The Real Housewives of Beverly Hills,BRAVO,193353,192319,0.0053477319
Sanford and Son,TVONE,141675,134225,0.0525851421
Black Ink Crew,VH1,196330,165477,0.1571486782
Star vs. The Forces of Evil,DISNEYXD,133360,130477,0.0216181764
Sanford and Son,TVONE,155926,154972,0.0061182869
Milo Murphy's Law,DISNEYXD,152356,153016,-0.0043319594
The Fosters,FREEFORM,286789,259792,0.0941354097
The Game of Dating,TVONE,76970,76593,0.0048980122
Mean Girls,E!,251087,241353,0.0387674392
The Real Housewives of Beverly Hills,BRAVO,990505,949714,0.0411820233
Switched at Birth,FREEFORM,250430,222180,0.1128059737
Full House,NICK,592351,592348,5.06456475974549E-06
The Game of Dating,TVONE,63392,61054,0.0368816254
Kenan & Kel,TEENNCK,89311,86465,0.0318661755
Milo Murphy's Law,DISNEYXD,124522,114274,0.0822987103
Watch What Happens: Live,BRAVO,500239,487316,0.0258336515
Star Wars Rebels,DISNEYXD,91576,95538,-0.0432646108
Ridiculousness,MTV,199027,194440,0.0230471243
The Real Housewives of Beverly Hills,BRAVO,368888,352327,0.0448943853
Hey Arnold!,TEENNCK,69090,66091,0.0434071501
The Real Housewives of Atlanta,BRAVO,240861,252053,-0.0464666343
Fresh Prince of Bel-Air,NICK,378059,373217,0.0128075248
Martin,BET,160645,160461,0.0011453827
The Jeffersons,TVONE,51155,52464,-0.0255888965
Star vs. The Forces of Evil,DISNEYXD,94901,93877,0.0107901919
Keeping Up with the Kardashians,E!,71453,72660,-0.0168922229
Sam & Cat,TEENNCK,64149,62730,0.022120376
Gravity Falls,DISNEYXD,92048,90767,0.0139166522
Keeping Up with the Kardashians,E!,88934,88441,0.0055434367
The Real Housewives of New York City,BRAVO,100175,96012,0.0415572748
Keeping Up with the Kardashians,E!,98151,93941,0.0428930933
Keeping Up with the Kardashians,E!,98151,100271,-0.0215993724
Lab Rats,DISNEYXD,73465,72643,0.0111890016
Blaze and the Monster Machines,NICK,426308,422528,0.0088668287
The Real Housewives of New York City,BRAVO,120180,114180,0.0499251123
Gravity Falls,DISNEYXD,81694,78937,0.0337478885
The Middle,FREEFORM,153689,157250,-0.0231701683
Cooks vs. Cons,FOOD,264147,274910,-0.0407462511
Pokémon The Series: XY,DISNEYXD,75315,79516,-0.0557790613
Keeping Up with the Kardashians,E!,152772,154777,-0.0131241327
The Middle,FREEFORM,181314,181768,-0.0025039434
The Real Housewives of New York City,BRAVO,170810,157591,0.0773900825
Walk the Prank,DISNEYXD,113454,113898,-0.0039134804
Sanford and Son,TVONE,124689,124521,0.0013473522
Walk the Prank,DISNEYXD,117662,117415,0.0020992334
Sanford and Son,TVONE,136277,133878,0.017603851
Sanford and Son,TVONE,146921,144477,0.0166347901
E! News,E!,335723,352028,-0.0485668244
The Thundermans,NICK,759624,732774,0.0353464346
Baggage Claim,BET,225302,205531,0.0877533266
Sanford and Son,TVONE,158256,154652,0.0227732282
So Cosmo,E!,193570,203791,-0.0528026037
Unsung,TVONE,166367,160986,0.0323441548
Black Ink Crew,VH1,821368,850208,-0.0351121544
Unsung,TVONE,134567,132678,0.0140376169
Boy Meets World,TEENNCK,135501,135666,-0.0012177032
So Cosmo,E!,169303,170391,-0.006426348
Lab Rats,DISNEYXD,143532,143408,0.0008639188
So Cosmo,E!,169303,159006,0.06081995
Catfish: The TV Show,MTV,263564,251383,0.0462164787
CSI: Miami,WeTV,141528,144164,-0.0186252897
Milo Murphy's Law,DISNEYXD,130785,129635,0.0087930573
So Cosmo,E!,137988,131754,0.0451778416
Catfish: The TV Show,MTV,263564,265394,-0.0069432851
Star Wars Rebels,DISNEYXD,89531,94371,-0.0540594878
Friends,NICK,519247,520598,-0.0026018446
CSI: Miami,WeTV,147703,157447,-0.065970224
Catfish: The TV Show,MTV,134215,134774,-0.0041649592
Rocko's Modern Life,TEENNCK,66071,59110,0.1053563591
Black Ink Crew,VH1,236209,213958,0.094200475
The Real Housewives of Beverly Hills,BRAVO,152156,146265,0.0387168432
Martin,BET,158431,156892,0.009714008
Unsung,TVONE,73278,67839,0.0742241873
E! News,E!,66424,63506,0.0439299049
Milo Murphy's Law,DISNEYXD,82379,84102,-0.0209155246
Keeping Up with the Kardashians,E!,81726,79610,0.0258913932
Lab Rats,DISNEYXD,74312,73064,0.0167940575
The Real Housewives of New York City,BRAVO,105617,104955,0.0062679304
Doraemon,DISNEYXD,61364,60097,0.0206472851
Nanny McPhee,FREEFORM,134431,125724,0.0647692868
Yo-Kai Watch,DISNEYXD,54987,53439,0.0281521087
Keeping Up with the Kardashians,E!,132208,135185,-0.0225175481
Nanny McPhee,FREEFORM,134431,140948,-0.0484784016
Milo Murphy's Law,DISNEYXD,90191,93611,-0.0379195263
Milo Murphy's Law,DISNEYXD,117922,119225,-0.0110496769
Nanny McPhee Returns,FREEFORM,188095,178962,0.0485552513
The Real Housewives of New York City,BRAVO,144920,142425,0.0172163953
E! News,E!,334765,349437,-0.0438277598
Sanford and Son,TVONE,126234,122459,0.02990478
Milo Murphy's Law,DISNEYXD,133730,131306,0.0181260749
Friends,MTV,207204,207008,0.0009459277
Black Ink Crew,VH1,230715,239682,-0.0388661335
The Real Housewives of Beverly Hills,BRAVO,298736,281764,0.0568127042
Nick Cannon Presents: Wild 'N Out,MTV,154706,150976,0.0241102478
Good Times,TVONE,125790,121825,0.0315207886
Right Now Kapow,DISNEYXD,130170,127666,0.0192363832
Life,VH1,253689,270135,-0.0648274068
The Quad,BET,293983,317330,-0.0794161567
Boy Meets World,TEENNCK,123645,122814,0.0067208541
Lab Rats,DISNEYXD,148181,139290,0.0600009448
Takers,BET,282774,275136,0.0270109699
Life,VH1,253689,257941,-0.0167606794
The Devil Wears Prada,LIFE,439479,456515,-0.038764082
Good Times,TVONE,140997,128656,0.087526685
Full House,NICK,505803,503888,0.003786059
Good Times,TVONE,145997,140014,0.0409802941
Keeping Up with the Kardashians,E!,294120,301474,-0.0250034
Beat Bobby Flay,FOOD,532207,520948,0.0211553024
Good Times,TVONE,115988,109679,0.054393558
Like Mike,MTV,118650,128219,-0.0806489676
Doug,TEENNCK,65582,60386,0.0792290568
Friends,NICK,455303,469595,-0.0313900853
Like Mike,MTV,118650,102434,0.1366708807
Sanford and Son,TVONE,89989,92665,-0.0297369679
Life,VH1,141752,154394,-0.0891839269
Like Mike,MTV,118650,91411,0.2295743784
Martin,BET,149612,147037,0.0172111863
Sanford and Son,TVONE,84360,82822,0.0182313893
The Devil Wears Prada,LIFE,199687,182072,0.0882130534
Beat Bobby Flay,FOOD,219104,220892,-0.0081605083
The Real Housewives of Atlanta,BRAVO,117347,105321,0.1024823813
Lab Rats,DISNEYXD,91390,90410,0.0107232739
Parks and Recreation,E!,60122,62031,-0.0317521041
Parks and Recreation,E!,65307,66751,-0.0221109529
The Real Housewives of Potomac,BRAVO,112448,107491,0.0440825982
Beyblade Burst,DISNEYXD,58754,57423,0.0226537768
Milo Murphy's Law,DISNEYXD,93324,93793,-0.0050255026
Milo Murphy's Law,DISNEYXD,108110,107545,0.0052261585
Milo Murphy's Law,DISNEYXD,121085,118552,0.020919189
Sanford and Son,TVONE,96129,95628,0.0052117467
Sanford and Son,TVONE,111353,114127,-0.0249117671
Sanford and Son,TVONE,117455,114451,0.0255757524
Milo Murphy's Law,DISNEYXD,125749,123146,0.0206999658
Good Times,TVONE,141037,133007,0.0569354141
Keeping Up with the Kardashians,E!,238855,234947,0.0163613908
Good Times,TVONE,142662,136971,0.0398914918
Right Now Kapow,DISNEYXD,117963,114331,0.0307893153
Mama June: From Not to Hot,WeTV,261534,239361,0.0847805639
Good Times,TVONE,147810,134761,0.0882822542
"Diners, Drive-Ins and Dives",FOOD,774793,757024,0.0229338675
Boy Meets World,TEENNCK,89287,85136,0.0464905305
Good Times,TVONE,134292,128459,0.0434352009
Right Now Kapow,DISNEYXD,110572,106302,0.0386173715
The Game of Dating,TVONE,77546,84041,-0.0837567379
Delivery Man,BRAVO,211663,169919,0.1972191644
Right Now Kapow,DISNEYXD,97214,94550,0.0274034604
The Game of Dating,TVONE,77546,62689,0.1915895082
Delivery Man,BRAVO,133510,144104,-0.0793498614
Rugrats,TEENNCK,74354,73366,0.0132877855
"Diners, Drive-Ins and Dives",FOOD,450650,433558,0.0379274381
Good Times,TVONE,78801,79109,-0.0039085798
Unsung Hollywood,TVONE,72689,76489,-0.052277511
The Jeffersons,TVONE,70353,71034,-0.0096797578
Imposters,BRAVO,87331,80404,0.0793189131
Unsung Hollywood,TVONE,28637,30199,-0.0545448196
Three's Company,LOGO,26323,26552,-0.0086996163
Three's Company,LOGO,27183,27158,0.0009196925
Parks and Recreation,E!,49939,50843,-0.0181020845
Where the Wild Things Are,FREEFORM,55226,60793,-0.1008039691
Good Times,TVONE,92910,88472,0.0477666559
Pokémon The Series: XY,DISNEYXD,109036,99679,0.0858156939
The Golden Girls,LOGO,35904,35054,0.0236742424
Yo-Kai Watch,DISNEYXD,102624,101355,0.0123655285
Good Times,TVONE,106822,106360,0.0043249518
The Golden Girls,LOGO,41001,41285,-0.0069266603
Good Times,TVONE,125993,123359,0.0209059233
Are You the One: Second Chances,MTV,139978,139484,0.003529126
Star Wars Rebels,DISNEYXD,130491,127805,0.0205837951
Keeping Up with the Kardashians,E!,215659,216972,-0.0060883153
The Loud House,NICK,648639,643443,0.0080106192
Confessions of a Shopaholic,E!,186356,185737,0.0033215995
Good Times,TVONE,143924,139087,0.0336080153
Good Times,TVONE,149339,145950,0.0226933353
Teen Mom 2,MTV,155283,156051,-0.0049458086
Confessions of a Shopaholic,E!,186356,184314,0.0109575222
Milo Murphy's Law,DISNEYXD,132618,130190,0.0183082236
The Arrangement,E!,152592,156401,-0.0249619901
Good Times,TVONE,141962,135842,0.0431101281
Roseanne,LOGO,38490,37022,0.0381397766
Roseanne,LOGO,40564,38379,0.0538654965
Star Wars Rebels,DISNEYXD,111543,109028,0.0225473584
Roseanne,LOGO,43134,40600,0.05874716
Sanford and Son,TVONE,151464,152265,-0.0052883854
Roseanne,LOGO,43048,41931,0.0259477792
Chopped,FOOD,474046,461646,0.026157799
Think Like a Man,BET,289584,281032,0.0295320183
Sanford and Son,TVONE,169611,167342,0.0133776701
Bridesmaids,E!,331164,297410,0.10192533
Double Mommy,LIFE,551307,546811,0.0081551658
Friends,MTV,196580,193169,0.0173517143
Roseanne,LOGO,43443,42684,0.0174711691
Think Like a Man,BET,289584,305629,-0.0554070667
Sanford and Son,TVONE,174318,170996,0.0190571255
Roseanne,LOGO,44040,43729,0.007061762
Bridesmaids,E!,331164,310315,0.0629567223
Sanford and Son,TVONE,179931,179777,0.0008558836
The Hunger Games,FREEFORM,339802,327887,0.0350645376
The Blind Side,MTV,325496,244500,0.2488386954
Mama's Family,LOGO,58759,56179,0.0439081673
Bridesmaids,E!,331164,378145,-0.1418662657
The Blind Side,MTV,325496,287708,0.1160935925
Zoey 101,TEENNCK,126892,123564,0.0262270277
Mama's Family,LOGO,61067,58013,0.050010644
The Hunger Games,FREEFORM,339802,340460,-0.0019364218
Sanford and Son,TVONE,178128,175901,0.0125022456
Say Yes to the Dress,TLC,559827,461584,0.1754881419
Mama's Family,LOGO,62012,60591,0.0229149197
Bridesmaids,E!,386238,344235,0.1087490097
Mama's Family,LOGO,63313,59945,0.0531960261
Sanford and Son,TVONE,164807,158950,0.035538539
Forgotten Evil,LIFE,543580,567206,-0.0434637036
The Blind Side,MTV,325496,345139,-0.0603478998
Mama's Family,LOGO,64707,61708,0.0463473813
Friends,NICK,573145,567009,0.0107058423
Mama's Family,LOGO,65580,63372,0.0336688015
Sanford and Son,TVONE,159257,153590,0.0355839932
Think Like a Man,BET,314571,336218,-0.0688143535
The Longest Yard,MTV,248944,272521,-0.0947080468
Mama's Family,LOGO,62097,60908,0.0191474628
Say Yes to the Dress,TLC,359803,328071,0.0881927055
Kenan & Kel,TEENNCK,66490,65328,0.0174763122
Think Like a Man,BET,314571,296341,0.0579519409
The Jeffersons,TVONE,113829,114009,-0.0015813193
Forgotten Evil,LIFE,201470,217326,-0.0787015437
All in the Family,LOGO,32753,32138,0.0187769059
iCarly,TEENNCK,59885,59246,0.0106704517
Victorious,TEENNCK,80421,70558,0.122642096
Roseanne,LOGO,34401,32440,0.0570041569
Maid in Manhattan,E!,151864,141473,0.0684230627
Roseanne,LOGO,39713,39439,0.0068995039
Maid in Manhattan,E!,151864,201737,-0.3284056788
Say Yes to the Dress,TLC,309858,314154,-0.0138644153
Roseanne,LOGO,50140,49625,0.0102712405
Back to the Future,VH1,195065,169417,0.131484377
Roseanne,LOGO,54455,53237,0.0223670921
Free Willy,FREEFORM,222505,273351,-0.2285162131
Confessions of a Shopaholic,E!,192317,200100,-0.0404696413
"Nicky, Ricky, Dicky, & Dawn",TEENNCK,149176,143185,0.0401606156
Mama's Family,LOGO,51521,51067,0.0088119408
Mama's Family,LOGO,54181,51679,0.0461785497
Back to the Future,VH1,195065,202322,-0.0372029836
Mama's Family,LOGO,59178,57503,0.0283044375
Prince of Persia: The Sands of Time,FREEFORM,256164,276314,-0.0786605456
Mama's Family,LOGO,59928,58160,0.0295020691
Hip Hop Squares,VH1,185615,167360,0.0983487326
Mama's Family,LOGO,62852,60437,0.0384235983
Hip Hop Squares,VH1,189850,192414,-0.013505399
Mama's Family,LOGO,64216,62315,0.0296032142
Mama's Family,LOGO,67691,66279,0.0208594939
Mama's Family,LOGO,66723,64638,0.0312485949
Mama's Family,LOGO,67073,65299,0.0264487946
Mama's Family,LOGO,66771,65902,0.0130146321
The Golden Girls,LOGO,59698,59342,0.0059633489
The Hunger Games,FREEFORM,353226,324492,0.0813473527
Keeping Up with the Kardashians,E!,277323,263222,0.0508468465
The Golden Girls,LOGO,61916,61805,0.0017927515
The Hunger Games,FREEFORM,353226,334208,0.0538408837
Keeping Up with the Kardashians,E!,277060,280752,-0.0133256334
The Golden Girls,LOGO,60017,60122,-0.0017495043
The Hunger Games,FREEFORM,353226,343594,0.0272686609
Keeping Up with the Kardashians,E!,308436,291342,0.0554215461
The Golden Girls,LOGO,62296,61202,0.0175613201
The Golden Girls,LOGO,63961,62380,0.0247181876
The Hunger Games,FREEFORM,353226,396495,-0.1224966452
Clue,LOGO,44460,49243,-0.1075798471
Clue,LOGO,44460,44461,-2.24921277552856E-05
The Proposal,LIFE,731459,669934,0.0841127117
Clue,LOGO,44460,39554,0.1103463788
Black Ink Crew,VH1,274007,280960,-0.0253752641
Who Do You Think You Are?,TLC,681483,699864,-0.0269720595
Clue,LOGO,44460,35735,0.1962438147
The Proposal,LIFE,731459,719962,0.0157179008
The Hunger Games: Catching Fire,FREEFORM,403528,382475,0.05217234
Clue,LOGO,28185,32108,-0.1391875111
Keeping Up with the Kardashians,E!,365664,356361,0.0254413888
Clue,LOGO,28185,29969,-0.0632960795
The Proposal,LIFE,281354,301389,-0.071209224
Who Do You Think You Are?,TLC,189586,161086,0.1503275558
The Proposal,LIFE,281354,248566,0.116536463
Keeping Up with the Kardashians,E!,65313,66455,-0.0174850336
Star vs. The Forces of Evil,DISNEYXD,72487,76873,-0.0605074013
School of Rock,TEENNCK,65984,66161,-0.0026824685
How I Met Your Mother,LIFE,48888,54270,-0.1100883652
Vanderpump Rules,BRAVO,69291,69724,-0.0062490078
Gravity Falls,DISNEYXD,93087,92146,0.0101088229
Keeping Up with the Kardashians,E!,93433,94770,-0.0143097193
Pioneer Woman,FOOD,138523,143306,-0.034528562
Monster-In-Law,E!,116841,101014,0.1354575877
A Mother Betrayed,LIFE,117763,133649,-0.134898058
Lab Rats,DISNEYXD,81050,79963,0.0134114744
Stolen Daughter,LIFE,155362,146008,0.0602077728
Love & Hip Hop Atlanta,VH1,106686,103371,0.0310724931
Stolen Daughter,LIFE,155362,165640,-0.0661551731
Lab Rats,DISNEYXD,80697,79374,0.0163946615
School of Rock,TEENNCK,45260,44784,0.0105170128
Sex and the City,E!,123465,125587,-0.0171870571
Sex and the City,E!,136393,136658,-0.001942915
Cupcake Wars,FOOD,242577,241659,0.0037843654
Black Ink Crew,VH1,147522,140449,0.0479453912
Cupcake Wars,FOOD,278311,291213,-0.0463582108
Love & Hip Hop Atlanta,VH1,177664,183381,-0.0321787194
The Middle,FREEFORM,186628,184140,0.0133313329
Henry Danger,NICK,1056134,1056055,7.48011142525475E-05
Henry Danger,NICK,1054766,1024815,0.0283958717
The Waterboy,FREEFORM,256232,243901,0.0481243561
Star vs. The Forces of Evil,DISNEYXD,142628,140429,0.01541773
Love & Hip Hop Atlanta,VH1,504781,561850,-0.1130569494
Mama's Family,LOGO,48867,47741,0.0230421348
E! News,E!,317743,354941,-0.1170694555
Long Lost Family,TLC,377293,341730,0.0942583085
Teen Mom 2,MTV,255681,236516,0.0749566843
Vanderpump Rules,BRAVO,375740,403511,-0.0739101506
CSI: Miami,WeTV,201321,187775,0.0672855788
Cheaper by the Dozen,TEENNCK,142063,141984,0.0005560913
Teen Mom 2,MTV,531333,525575,0.0108368951
Mama's Family,LOGO,66333,64358,0.029774019
Lab Rats,DISNEYXD,139609,137953,0.0118616995
CSI: Miami,WeTV,214403,202201,0.0569115171
All That,TEENNCK,99648,93528,0.061416185
All That,TEENNCK,86873,86974,-0.0011626167
E! News,E!,288253,297634,-0.0325443274
Ultimate Spider-Man,DISNEYXD,113511,111074,0.0214692849
Beauty Shop,LOGO,31215,34013,-0.0896363928
All That,TEENNCK,72055,69417,0.0366109222
Rugrats,TEENNCK,69103,66909,0.031749707
Hip Hop Squares,VH1,470341,438268,0.0681909508
Teen Mom 2,MTV,151918,150438,0.0097420977
Vanderpump Rules,BRAVO,228032,197318,0.1346916222
CSI: Miami,WeTV,166643,144674,0.1318327202
Fresh Prince of Bel-Air,NICK,346185,360266,-0.0406747837
Long Lost Family,TLC,187597,182572,0.0267861426
Fresh Prince of Bel-Air,NICK,346185,332079,0.0407469994
Rugrats,TEENNCK,53774,53445,0.0061181984
2 Broke Girls,TBS,134606,132190,0.0179486799
Walk the Prank,DISNEYXD,61913,66950,-0.0813560965
The Haunted Hathaways,TEENNCK,57589,55123,0.0428206776
The Real Housewives of Beverly Hills,BRAVO,121303,120031,0.010486138
Gravity Falls,DISNEYXD,107533,105155,0.0221141417
PAW Patrol,NICK,590308,591938,-0.0027612704
Pioneer Woman,FOOD,167773,171841,-0.0242470481
Lab Rats,DISNEYXD,90833,89601,0.0135633525
Fresh Prince of Bel-Air,VH1,146382,141832,0.0310830567
The Haunted Hathaways,TEENNCK,48297,47582,0.0148042321
Hoarding: Buried Alive,TLC,177509,175554,0.0110135261
Sex and the City,E!,108952,107492,0.0134003965
Lab Rats,DISNEYXD,80630,80165,0.0057670842
Catfish: The TV Show,MTV,132072,135820,-0.0283784602
Grey's Anatomy,LIFE,202030,193570,0.0418749691
Little Women: LA,LIFE,178318,175582,0.0153433753
The Real Housewives of Beverly Hills,BRAVO,178299,175811,0.0139540884
Henry Danger,NICK,1083780,1053824,0.027640296
Say Yes to the Dress,TLC,299443,308852,-0.0314216729
Parks and Recreation,E!,122747,131389,-0.0704049793
The Real Housewives of Beverly Hills,BRAVO,250307,221203,0.1162732165
Star vs. The Forces of Evil,DISNEYXD,142585,139962,0.0183960445
Love Don't Cost a Thing,BET,191499,230678,-0.2045911467
Little Women: LA,LIFE,225042,211730,0.0591534025
Obsessed,BET,318156,281941,0.1138278077
Little Women: LA,LIFE,411134,389381,0.0529097569
Chopped,FOOD,571515,561229,0.0179977778
The Challenge: Invasion of the Champions,MTV,183193,170929,0.0669457894
Boy Meets World,TEENNCK,103465,95568,0.0763253274
Full House,NICK,591612,576722,0.0251685226
Milo Murphy's Law,DISNEYXD,133264,133086,0.0013356946
Love & Hip Hop Atlanta,VH1,362754,354962,0.0214801215
Are You the One: Second Chances,MTV,148608,161316,-0.0855135659
Kenan & Kel,TEENNCK,75570,70022,0.0734153765
Star Wars Rebels,DISNEYXD,113941,113286,0.0057485892
Kenan & Kel,TEENNCK,64906,65065,-0.0024496965
Little Women: LA,LIFE,216743,213616,0.0144272249
Martin,BET,185291,183560,0.0093420619
Chopped,FOOD,161547,157459,0.0253053291
Keeping Up with the Kardashians,E!,71055,73349,-0.0322848498
The Real Housewives of New York City,BRAVO,111373,109090,0.0204986846
Shimmer and Shine,NICK,471604,441554,0.0637187132
Babysitter's Black Book,LIFE,115301,135044,-0.1712300847
Lab Rats,DISNEYXD,77130,75566,0.0202774536
Farmhouse Rules,FOOD,224531,218497,0.0268737947
Sex and the City,E!,103798,100550,0.031291547
Victorious,TEENNCK,55269,53508,0.031862346
PAW Patrol,NICK,437619,441061,-0.0078652892
Gravity Falls,DISNEYXD,76518,75597,0.0120363836
School of Rock,TEENNCK,44846,42981,0.0415867636
Long Island Medium,TLC,230274,223813,0.0280578789
The Middle,FREEFORM,134832,133018,0.0134537795
Chopped Junior,FOOD,252860,249831,0.0119789607
The Real Housewives of New York City,BRAVO,169451,165624,0.0225847
Star vs. The Forces of Evil,DISNEYXD,149158,148184,0.0065299883
Friends,MTV,226278,220838,0.0240412236
Milo Murphy's Law,DISNEYXD,152853,155082,-0.0145826382
Black Ink Crew,VH1,786011,801818,-0.0201104056
Lab Rats,DISNEYXD,145346,136397,0.0615703219
Boy Meets World,TEENNCK,134660,119430,0.1130996584
Lab Rats,DISNEYXD,147490,143344,0.0281103804
Mama June: From Not to Hot,WeTV,126889,125572,0.0103791503
Hip Hop Squares,VH1,307164,290233,0.0551203917
Three's Company,LOGO,49556,48575,0.0197957866
National Lampoon's European Vacation,FREEFORM,253742,227106,0.1049727676
The Real Housewives of New York City,BRAVO,351292,318321,0.093856393
Catfish: The TV Show,MTV,178063,174148,0.0219866002
Rocko's Modern Life,TEENNCK,66345,65927,0.0063003994
Rocko's Modern Life,TEENNCK,59904,59876,0.0004674145
Walk the Prank,DISNEYXD,54837,50019,0.0878603862
Game Shakers,TEENNCK,69724,68997,0.0104268258
Game Shakers,TEENNCK,67690,66338,0.0199734082
PAW Patrol,NICK,531532,519839,0.0219986755
E! News,E!,83036,79088,0.0475456429
Lab Rats,DISNEYXD,73522,72470,0.0143086423
Cupcake Wars,FOOD,190255,170356,0.1045912065
Sex and the City,E!,119721,118950,0.0064399729
Game Shakers,TEENNCK,56224,54210,0.0358210017
Sex and the City,E!,146736,146770,-0.0002317086
The Middle,FREEFORM,175181,170828,0.0248485852
Say Yes to the Dress,TLC,333896,316446,0.0522617821
Milo Murphy's Law,DISNEYXD,158069,157862,0.0013095547
Zookeeper,FREEFORM,208543,205878,0.0127791391
Chopped,FOOD,605671,569012,0.0605262593
The Notebook,VH1,303288,263596,0.1308723062
Lab Rats,DISNEYXD,145096,138651,0.0444188675
Southern Charm,BRAVO,356987,330584,0.0739606764
Chopped,FOOD,605671,602628,0.0050241798
Boy Meets World,TEENNCK,99900,92763,0.0714414414
Lab Rats,DISNEYXD,141398,138403,0.0211813463
Milo Murphy's Law,DISNEYXD,124843,118511,0.0507197039
Hey Arnold!,TEENNCK,78792,79342,-0.0069804041
E! News,E!,259928,236462,0.0902788464
Chopped,FOOD,376199,395846,-0.0522250192
Chopped,FOOD,376199,346886,0.0779188674
Hustle & Soul,WeTV,91864,81682,0.1108377602
Doug,TEENNCK,62666,59506,0.0504260684
Doug,TEENNCK,63278,60458,0.0445652517
Fresh Prince of Bel-Air,NICK,393458,396572,-0.0079144407
Doug,TEENNCK,57176,56935,0.0042150553
Why Did I Get Married?,BRAVO,123337,135657,-0.0998889222
Star vs. The Forces of Evil,DISNEYXD,90406,89961,0.0049222397
Gravity Falls,DISNEYXD,96906,94969,0.0199884424
iCarly,TEENNCK,71053,70260,0.0111606829
Keeping Up with the Kardashians,E!,111750,108319,0.0307024609
Giada Entertains,FOOD,196116,193385,0.0139254319
Sam & Cat,TEENNCK,73719,71024,0.0365577395
Parks and Recreation,E!,117792,121126,-0.0283041293
Hitch,FREEFORM,192980,171521,0.1111980516
Mama June: From Not to Hot,WeTV,86094,92063,-0.0693311961
Say Yes to the Dress,TLC,372554,360058,0.0335414463
Milo Murphy's Law,DISNEYXD,150942,147075,0.025619112
Phineas and Ferb,DISNEYXD,165388,163205,0.0131992648
TeenNick Top 10,TEENNCK,92914,92947,-0.0003551671
Coming to America,FREEFORM,298263,267973,0.1015546682
Mama June: From Not to Hot,WeTV,582980,627161,-0.0757847611
CatDog,TEENNCK,85008,84670,0.0039760964
Phineas and Ferb,DISNEYXD,187936,184882,0.0162502128
Miss Congeniality,BRAVO,251723,271193,-0.077346925
Phineas and Ferb,DISNEYXD,184793,171895,0.0697970161
"Diners, Drive-Ins and Dives",FOOD,638934,619077,0.0310783273
CatDog,TEENNCK,78484,75834,0.0337648438
Friends,NICK,558508,542951,0.0278545697
Rugrats,TEENNCK,83916,82120,0.0214023547
Fresh Prince of Bel-Air,NICK,373003,393613,-0.0552542473
Rugrats,TEENNCK,68774,67360,0.0205600954
"Diners, Drive-Ins and Dives",FOOD,332528,324629,0.0237543906
Vanderpump Rules,BRAVO,107639,94448,0.1225485187
iCarly,TEENNCK,36098,35596,0.0139065876
iCarly,TEENNCK,53354,46818,0.1225025303
iCarly,TEENNCK,77902,69644,0.1060049806
Keeping Up with the Kardashians,E!,149276,165374,-0.1078405102
"Dude, Where's My Car?",VH1,113503,99382,0.1244108085
"Dude, Where's My Car?",VH1,113503,118748,-0.0462102323
Walk the Prank,DISNEYXD,135353,137465,-0.0156036438
Bring It On,FREEFORM,226698,215583,0.049029987
Catfish: The TV Show,MTV,167590,162192,0.032209559
Walk the Prank,DISNEYXD,134453,131445,0.02237213
The 40-Year-Old Virgin,VH1,157839,140924,0.107166163
Bring It On,FREEFORM,226698,211731,0.0660217558
Walk the Prank,DISNEYXD,136540,133707,0.0207484986
The 40-Year-Old Virgin,VH1,157839,163915,-0.038494922
"Crazy, Stupid, Love",E!,214151,198453,0.0733034167
Walk the Prank,DISNEYXD,120402,117366,0.025215528
Say Yes to the Dress,TLC,402653,393325,0.0231663492
Ace Ventura: When Nature Calls,VH1,262439,254137,0.0316340178
Roseanne,LOGO,44160,42844,0.0298007246
You Again,FREEFORM,245889,246274,-0.0015657471
Ace Ventura: When Nature Calls,VH1,262439,259842,0.0098956329
Rebel,BET,231948,229267,0.0115586252
Mama's Family,LOGO,51089,49046,0.0399890387
Big Daddy,VH1,245161,234700,0.042669919
Takers,BET,325625,314904,0.0329243762
Sam & Cat,TEENNCK,98556,95931,0.0266346037
Takers,BET,325625,322114,0.0107823417
Mama's Family,LOGO,68198,68315,-0.0017155928
The Proposal,FREEFORM,333524,312586,0.0627780909
Takers,BET,325625,335083,-0.0290456814
Mama's Family,LOGO,63585,59939,0.0573405677
The Proposal,FREEFORM,333524,369730,-0.108555906
Mama's Family,LOGO,66024,63856,0.0328365443
Martin,BET,232519,226124,0.0275031288
Martin,BET,243450,235028,0.0345943726
Kenan & Kel,TEENNCK,65453,66684,-0.0188073885
iCarly,TEENNCK,39702,39017,0.0172535389
TeenNick Top 10,TEENNCK,38057,36293,0.0463515253
E! News Weekend,E!,89024,92507,-0.0391242811
What's Your Number?,FREEFORM,96811,66214,0.3160487961
Keeping Up with the Kardashians,E!,124820,137789,-0.1039016183
Walk the Prank,DISNEYXD,131654,129930,0.0130949307
Austin Powers in Goldmember,VH1,198323,204517,-0.0312318793
Walk the Prank,DISNEYXD,145475,142654,0.019391648
"Crazy, Stupid, Love",E!,225064,221378,0.0163775637
"Crazy, Stupid, Love",E!,225064,243634,-0.0825098639
Big Daddy,VH1,206657,198896,0.0375549824
You Again,FREEFORM,250722,244148,0.0262202758
Big Daddy,VH1,206657,215608,-0.0433133163
One Day at a Time,LOGO,48006,47958,0.000999875
Walk the Prank,DISNEYXD,130713,127711,0.0229663461
The Ugly Truth,E!,311231,328367,-0.0550587827
Walk the Prank,DISNEYXD,142406,141302,0.0077524823
Walk the Prank,DISNEYXD,138695,140394,-0.0122499009
My Best Friend's Wedding,FREEFORM,245284,258618,-0.0543614749
Hitch,E!,345140,353964,-0.0255664368
Walk the Prank,DISNEYXD,130659,129582,0.0082428306
Clue,LOGO,36500,36992,-0.0134794521
Hip Hop Squares,VH1,196124,193305,0.0143735596
What to Expect When You're Expecting,FREEFORM,233852,233737,0.000491764
What to Expect When You're Expecting,FREEFORM,233852,233163,0.0029463079
Clue,LOGO,36500,35038,0.0400547945
The Proposal,FREEFORM,380799,344181,0.0961609668
The Real Housewives of Atlanta,BRAVO,1260121,1123924,0.1080824778
Brotherly Love,BET,279980,275969,0.0143260233
The Proposal,FREEFORM,380799,403918,-0.0607118191
Obsessed,BET,292903,269032,0.0814979703
Victorious,TEENNCK,136221,135197,0.0075171963
Romy and Michele's High School Reunion,LOGO,33811,31756,0.0607790364
Obsessed,BET,292903,290188,0.0092692803
CSI: Miami,WeTV,200870,201333,-0.0023049734
CSI: Miami,WeTV,195364,186332,0.0462316496
Obsessed,BET,292903,293820,-0.0031307293
Keeping Up with the Kardashians,E!,355350,376940,-0.0607570001
Obsessed,BET,292903,292159,0.0025400901
Friends,NICK,406028,422374,-0.0402583073
Hey Arnold!,TEENNCK,77338,72977,0.0563888386
Hip Hop Squares,VH1,123365,123086,0.0022615815
Walk the Prank,DISNEYXD,30734,29340,0.0453569337
Hollywood Medium with Tyler Henry,E!,51974,49189,0.0535844845
School of Rock,TEENNCK,52507,50623,0.0358809302
Southern Charm,BRAVO,95434,95455,-0.0002200474
Southern Charm,BRAVO,116252,117048,-0.006847194
Lab Rats: Elite Force,DISNEYXD,74123,72613,0.0203715446
Hoarding: Buried Alive,TLC,167155,176054,-0.0532380126
Southern Charm,BRAVO,116252,113451,0.0240942091
Southern Charm,BRAVO,121576,118346,0.0265677436
Hoarding: Buried Alive,TLC,192587,199578,-0.0363004772
School of Rock,TEENNCK,44250,42694,0.0351638418
Southern Charm,BRAVO,140168,137894,0.0162233891
Guy and Hunter's European Vacation,FOOD,242646,236458,0.0255021719
Long Island Medium On the Road,TLC,209764,212507,-0.0130766004
Long Island Medium,TLC,223097,217329,0.0258542248
Star vs. The Forces of Evil,DISNEYXD,91503,91416,0.0009507885
Long Island Medium,TLC,223097,221136,0.0087898986
Love & Hip Hop Atlanta,VH1,174851,198911,-0.1376028733
Southern Charm,BRAVO,188199,195533,-0.0389693888
Obsessed,BET,201639,190672,0.0543892799
Roseanne,LOGO,31556,30611,0.0299467613
Hollywood Medium with Tyler Henry,E!,196653,195409,0.0063258633
Roseanne,LOGO,31255,29320,0.0619100944
Star vs. The Forces of Evil,DISNEYXD,154996,153414,0.010206715
Vanderpump Rules,BRAVO,647738,592438,0.0853740247
Kid Chef Nation,FOOD,443827,418675,0.0566707298
Right Now Kapow,DISNEYXD,128312,123637,0.0364346281
The First Wives Club,LOGO,55719,56750,-0.0185035625
Right Now Kapow,DISNEYXD,129727,124718,0.0386118541
Barbershop 2: Back in Business,BET,310940,328660,-0.0569884865
Sweet Home Oklahoma,BRAVO,527163,464259,0.1193255217
MECH-X4,DISNEYXD,110736,111351,-0.0055537495
All That,TEENNCK,73115,74088,-0.0133078028
Teen Mom 2,MTV,342502,304459,0.1110738039
Ultimate Spider-Man,DISNEYXD,101020,99447,0.015571174
All That,TEENNCK,67376,66858,0.0076881976
Love & Hip Hop Atlanta,VH1,597151,570928,0.043913516
All That,TEENNCK,63382,61534,0.0291565429
Friends,NICK,459106,476305,-0.0374619369
Rugrats,TEENNCK,64546,64883,-0.0052210826
Are You the One: Second Chances,MTV,112952,108660,0.0379984418
Rugrats,TEENNCK,58112,59088,-0.0167951542
Vanderpump Rules,BRAVO,166179,173490,-0.0439947286
Vanderpump Rules,BRAVO,166179,149050,0.1030755992
Kid Chef Nation,FOOD,195034,176848,0.0932452803
Lab Rats: Elite Force,DISNEYXD,44079,43176,0.0204859457
The Haunted Hathaways,TEENNCK,57384,52812,0.0796737767
Total Divas,E!,72946,67889,0.0693252543
PAW Patrol,NICK,562548,562103,0.0007910436
The Real Housewives of Beverly Hills,BRAVO,108654,104144,0.0415079058
The Haunted Hathaways,TEENNCK,41610,40620,0.0237923576
Fresh Prince of Bel-Air,VH1,114066,114250,-0.0016131012
Lab Rats: Elite Force,DISNEYXD,70670,70912,-0.0034243668
The Real Housewives of Beverly Hills,BRAVO,124991,121968,0.0241857414
Love & Hip Hop Atlanta,VH1,147583,154783,-0.0487861068
The Real Housewives of Beverly Hills,BRAVO,182417,169962,0.0682776276
Long Island Medium,TLC,253599,258641,-0.0198817819
Star vs. The Forces of Evil,DISNEYXD,102790,100880,0.0185815741
Henry Danger,NICK,1097960,1072249,0.0234170644
Walk the Prank,DISNEYXD,128992,127543,0.0112332548
The Real Housewives of Beverly Hills,BRAVO,256208,250255,0.0232350278
Walk the Prank,DISNEYXD,136871,134319,0.0186452937
Mama's Family,LOGO,45702,45898,-0.0042886526
Keeping Up with the Kardashians,E!,243293,238529,0.0195813279
Beverly Hills Social,BRAVO,570226,608437,-0.0670102731
Boy Meets World,TEENNCK,122352,114460,0.0645024192
Rocko's Modern Life,TEENNCK,86308,86355,-0.0005445613
Lab Rats,DISNEYXD,152682,149806,0.0188365361
Love & Hip Hop Atlanta,VH1,340169,340445,-0.0008113614
Full House,NICK,588698,569080,0.033324387
Rocko's Modern Life,TEENNCK,75821,75970,-0.0019651548
Ultimate Spider-Man,DISNEYXD,111403,114617,-0.0288502105
Mama's Family,LOGO,48269,47248,0.0211522924
Rocko's Modern Life,TEENNCK,68121,64230,0.0571189501
Ridiculousness,MTV,183027,175564,0.0407754047
Hey Arnold!,TEENNCK,64052,61930,0.0331293324
Class Act,VH1,146869,138425,0.0574934125
The Real Housewives of Atlanta,BRAVO,215934,194337,0.1000166718
Hey Arnold!,TEENNCK,62456,60444,0.0322146791
The Real Housewives of Beverly Hills,BRAVO,111175,117138,-0.0536361592
Watch What Happens: Live,BRAVO,97872,90427,0.0760687428
George Lopez,NICK,287352,288239,-0.0030868064
School of Rock,TEENNCK,33433,32978,0.0136093082
Gravity Falls,DISNEYXD,77695,69788,0.1017697407
The Real Housewives of New York City,BRAVO,94129,94541,-0.004376972
Victorious,TEENNCK,60555,59252,0.0215176286
The Real Housewives of New York City,BRAVO,105520,102835,0.0254454132
School of Rock,TEENNCK,38068,36597,0.0386413786
Victorious,TEENNCK,52071,49389,0.0515065968
Total Divas,E!,92743,98874,-0.0661074151
Gravity Falls,DISNEYXD,84693,86061,-0.0161524565
Total Divas,E!,101404,106955,-0.0547414303
Class Act,VH1,88797,88039,0.0085363244
Star vs. The Forces of Evil,DISNEYXD,108662,108992,-0.0030369402
The Real Housewives of New York City,BRAVO,214128,207417,0.031341067
The Prince & Me,FREEFORM,222712,164646,0.2607223679
E! News,E!,328723,323731,0.0151860381
Star vs. The Forces of Evil,DISNEYXD,148612,146085,0.0170040104
Black Ink Crew,VH1,277176,295251,-0.0652112737
The Real Housewives of New York City,BRAVO,258055,253726,0.0167754936
The Real Housewives of New York City,BRAVO,425282,438462,-0.0309912011
Right Now Kapow,DISNEYXD,124192,122163,0.0163376063
Boy Meets World,TEENNCK,123501,111880,0.0940964041
Lab Rats,DISNEYXD,133863,129411,0.0332578831
Black Ink Crew,VH1,474338,418431,0.1178632115
Boy Meets World,TEENNCK,107608,103021,0.0426269422
Rugrats,TEENNCK,110280,110473,-0.0017500907
MECH-X4,DISNEYXD,123469,124868,-0.0113307794
Hip Hop Squares,VH1,318755,306008,0.0399899609
Rugrats,TEENNCK,96487,96156,0.003430514
The Real Housewives of New York City,BRAVO,319302,276225,0.1349098972
Rocko's Modern Life,TEENNCK,69898,68150,0.0250078686
Black Ink Crew,VH1,267759,252073,0.0585825313
Rocko's Modern Life,TEENNCK,59784,59158,0.010471029
The Real Housewives of Beverly Hills,BRAVO,210500,211418,-0.0043610451
Rocko's Modern Life,TEENNCK,53613,53449,0.0030589596
Rocko's Modern Life,TEENNCK,47553,47576,-0.0004836709
The Real Housewives of Atlanta,BRAVO,127993,119865,0.0635034728
Right Now Kapow,DISNEYXD,62970,62709,0.0041448309
Southern Charm,BRAVO,95839,89748,0.0635545029
Botched,E!,64441,65579,-0.0176595646
Game Shakers,TEENNCK,73768,72807,0.0130273289
Botched,E!,91922,97328,-0.0588107308
Zoey 101,TEENNCK,51966,51643,0.0062156025
Botched,E!,125392,116384,0.0718387138
Hip Hop Squares,VH1,104797,102786,0.0191894806
Botched,E!,125392,133217,-0.0624043001
Zoey 101,TEENNCK,54098,51578,0.0465821287
Botched,E!,142522,139135,0.0237647521
Zoey 101,TEENNCK,94690,91388,0.0348716866
MECH-X4,DISNEYXD,89134,83662,0.0613907151
Botched,E!,177185,166383,0.0609645286
Star vs. The Forces of Evil,DISNEYXD,139408,137098,0.0165700677
MECH-X4,DISNEYXD,123426,120266,0.0256023852
The Real Housewives of Atlanta,BRAVO,322882,314335,0.0264709708
Last Holiday,FREEFORM,226479,217671,0.038891023
Walk the Prank,DISNEYXD,118616,116076,0.0214136373
Hey Arnold!,TEENNCK,100172,98388,0.0178093679
MECH-X4,DISNEYXD,103417,103970,-0.0053472833
Ultimate Spider-Man,DISNEYXD,105031,104051,0.0093305786
Watch What Happens: Live,BRAVO,319049,282553,0.1143899526
E! News,E!,243641,259028,-0.0631543952
Star Wars Rebels,DISNEYXD,91009,90537,0.0051863003
The Late Show with Stephen Colbert,CBS,2277279,2388198,-0.0487068119
Friends,NICK,534617,514285,0.0380309642
Doug,TEENNCK,63379,59076,0.0678931507
The Real Housewives of Atlanta,BRAVO,132540,140982,-0.0636939792
The Real Housewives of Potomac,BRAVO,94535,90712,0.0404400487
George Lopez,NICK,258320,262471,-0.0160692165
Sam & Cat,TEENNCK,71175,67516,0.0514085002
Beyblade Burst,DISNEYXD,49291,49157,0.002718549
Parks and Recreation,E!,48476,49547,-0.022093407
iCarly,TEENNCK,62927,60446,0.0394266372
Beyblade Burst,DISNEYXD,37160,35915,0.0335037675
Sam & Cat,TEENNCK,69672,68007,0.023897692
Vanderpump Rules,BRAVO,113914,116403,-0.0218498165
Set It Off,VH1,97198,100608,-0.0350830264
The Middle,FREEFORM,127917,126891,0.008020826
Parks and Recreation,E!,84126,84925,-0.0094976583
Beyblade Burst,DISNEYXD,67620,66971,0.0095977521
Beyblade Burst,DISNEYXD,79556,80001,-0.0055935442
Fierce Friday Takeover,LOGO,9201,9901,-0.0760786871
Beyblade Burst,DISNEYXD,84478,82391,0.0247046568
Dear John,E!,271090,272433,-0.0049540743
Boy Meets World,TEENNCK,81085,78958,0.0262317321
Beyblade Burst,DISNEYXD,90639,90546,0.0010260484
Free Willy,FREEFORM,227908,239348,-0.050195693
CatDog,TEENNCK,89633,87393,0.0249907958
CatDog,TEENNCK,89633,90342,-0.0079100331
CatDog,TEENNCK,90643,88482,0.023840782
Beyblade Burst,DISNEYXD,90764,86553,0.0463950465
National Lampoon's Vacation,BRAVO,327602,331227,-0.011065256
Sister Act,VH1,232480,245716,-0.0569339298
Martin,BET,225380,214693,0.0474176946
Rugrats,TEENNCK,80103,77265,0.0354293847
Fresh Prince of Bel-Air,NICK,385686,388874,-0.0082657913
National Lampoon's Christmas Vacation,BRAVO,160684,167913,-0.0449889224
iCarly,TEENNCK,40718,40668,0.0012279582
iCarly,TEENNCK,59749,54400,0.0895245109
Night at the Museum: Battle of the Smithsonian,FREEFORM,103273,59313,0.42566789
Keeping Up with the Kardashians,E!,56376,60962,-0.0813466723
Night at the Museum: Battle of the Smithsonian,FREEFORM,103273,96086,0.0695922458
Night at the Museum: Battle of the Smithsonian,FREEFORM,103273,142947,-0.384166239
Pokémon The Series: XY Kalos Quest,DISNEYXD,117538,117138,0.0034031547
Keeping Up with the Kardashians,E!,145427,137232,0.0563512965
Night at the Museum: Battle of the Smithsonian,FREEFORM,103273,135119,-0.3083671434
Yo-Kai Watch,DISNEYXD,101476,97361,0.0405514604
E! News Weekend,E!,177858,189835,-0.0673402377
Step Up: All In,VH1,129651,113852,0.1218579109
The Arrangement,E!,114332,121693,-0.064382675
Step Up: All In,VH1,129651,137046,-0.0570377398
The Karate Kid III,FREEFORM,159245,149882,0.0587961945
Step Up: All In,VH1,129651,133889,-0.032687754
Step Up: All In,VH1,129651,138427,-0.0676894123
The Arrangement,E!,104968,107512,-0.0242359576
Kid Chef Nation,FOOD,408219,405310,0.0071260769
Alice,LOGO,48534,47023,0.0311328141
Kid Chef Nation,FOOD,408219,392509,0.038484245
Alice,LOGO,47655,46512,0.0239848914
The Karate Kid,FREEFORM,196457,169764,0.135871972
The Arrangement,E!,102743,101953,0.0076890883
Guy's Grocery Games,FOOD,372653,374686,-0.0054554773
The Notebook,VH1,208630,249532,-0.1960504242
Alice,LOGO,52058,51001,0.020304276
Dear John,E!,162231,166858,-0.0285210595
Titanic,VH1,326067,247736,0.2402297687
Roseanne,LOGO,43430,39693,0.0860465116
"The Karate Kid, Part II",FREEFORM,204727,190010,0.071885975
Yo-Kai Watch,DISNEYXD,78292,77144,0.0146630563
"The Karate Kid, Part II",FREEFORM,204727,201540,0.0155670722
Mama's Family,LOGO,57009,54811,0.0385553158
Titanic,VH1,326067,334663,-0.0263626801
Home Alone 2: Lost in New York,FREEFORM,293085,255095,0.1296210997
Mama's Family,LOGO,59133,58338,0.0134442697
Nate & Jeremiah By Design,TLC,480532,449533,0.0645097517
Home Alone 2: Lost in New York,FREEFORM,293085,294970,-0.0064315813
All That,TEENNCK,75225,74716,0.0067663676
Mama's Family,LOGO,62940,60469,0.0392596123
The Last Song,E!,282623,302856,-0.0715900687
Mama's Family,LOGO,64376,62961,0.0219802411
The Notebook,VH1,305728,306192,-0.0015176889
Mama's Family,LOGO,63083,61632,0.0230014425
Couples Retreat,BRAVO,369165,381996,-0.0347568161
Nate & Jeremiah By Design,TLC,253031,241418,0.0458955622
The Notebook,VH1,305728,297234,0.0277828658
Delivery Man,BRAVO,181251,209197,-0.1541839769
Kenan & Kel,TEENNCK,50860,50574,0.0056232796
Delivery Man,BRAVO,181251,185749,-0.0248164148
Sweet Home Oklahoma,BRAVO,98242,89065,0.0934121862
The Middle,FREEFORM,123071,121214,0.0150888512
The Middle,FREEFORM,167671,164754,0.0173971647
Survivor: Game Changers,CBS,4871812,4607158,0.0543235248
Total Divas,E!,373297,344507,0.0771235772
The Real Housewives of New York City,BRAVO,767430,724459,0.0559933805
Designated Survivor,ABC,3180740,3315747,-0.0424451543
Pioneer Woman,FOOD,148342,153173,-0.0325666366
The Next Iron Chef,FOOD,129842,144928,-0.1161873662
My Big Fat American Gypsy Wedding,TLC,213334,206361,0.0326858354
My Big Fat American Gypsy Wedding,TLC,213334,213597,-0.0012328086
My Big Fat American Gypsy Wedding,TLC,264518,242475,0.0833327033
My Big Fat American Gypsy Wedding,TLC,264518,262979,0.0058181296
My Big Fat American Gypsy Wedding,TLC,269384,265937,0.0127958602
My Big Fat American Gypsy Wedding,TLC,269384,261151,0.03056232
My Big Fat American Gypsy Wedding,TLC,284437,267531,0.0594367118
My Big Fat American Gypsy Wedding,TLC,251093,232392,0.0744783805
My Big Fat American Gypsy Wedding,TLC,219434,226184,-0.0307609577
My Big Fat American Gypsy Wedding,TLC,219434,206996,0.0566821915
My Big Fat American Gypsy Wedding,TLC,174722,178919,-0.0240210162
My Big Fat American Gypsy Wedding,TLC,174722,155055,0.1125616694
My Big Fat American Gypsy Wedding,TLC,139226,153273,-0.1008935113
My Big Fat American Gypsy Wedding,TLC,139226,128050,0.0802723629
